file,sheet_name,row,col,category,old,new
10 - Lambton Kent DSB.xlsx,Basic Project Info,7,3,empty_vs_na,,NA
10 - Lambton Kent DSB.xlsx,Basic Project Info,7,12,empty_vs_na,,NA
10 - Lambton Kent DSB.xlsx,Basic Project Info,8,3,empty_vs_na,,NA
10 - Lambton Kent DSB.xlsx,Basic Project Info,8,12,empty_vs_na,,NA
10 - Lambton Kent DSB.xlsx,Basic Project Info,9,3,empty_vs_na,,NA
10 - Lambton Kent DSB.xlsx,Basic Project Info,9,9,empty_vs_na,,NA
10 - Lambton Kent DSB.xlsx,Basic Project Info,9,10,empty_vs_na,,NA
10 - Lambton Kent DSB.xlsx,Basic Project Info,9,11,empty_vs_na,,NA
10 - Lambton Kent DSB.xlsx,Basic Project Info,9,12,empty_vs_na,,NA
10 - Lambton Kent DSB.xlsx,Basic Project Info,10,3,empty_vs_na,,NA
10 - Lambton Kent DSB.xlsx,Basic Project Info,10,9,empty_vs_na,,NA
10 - Lambton Kent DSB.xlsx,Basic Project Info,10,10,empty_vs_na,,NA
10 - Lambton Kent DSB.xlsx,Basic Project Info,10,11,empty_vs_na,,NA
10 - Lambton Kent DSB.xlsx,Basic Project Info,10,12,empty_vs_na,,NA
10 - Lambton Kent DSB.xlsx,Monthly Update,3,3,empty_vs_na,,NA
10 - Lambton Kent DSB.xlsx,Monthly Update,4,50,empty_vs_na,,NA
10 - Lambton Kent DSB.xlsx,Monthly Update,4,52,empty_vs_na,,NA
10 - Lambton Kent DSB.xlsx,Monthly Update,4,54,empty_vs_na,,NA
10 - Lambton Kent DSB.xlsx,Monthly Update,4,55,empty_vs_na,,NA
10 - Lambton Kent DSB.xlsx,Monthly Update,4,56,empty_vs_na,,NA
10 - Lambton Kent DSB.xlsx,Monthly Update,4,57,empty_vs_na,,NA
10 - Lambton Kent DSB.xlsx,Monthly Update,4,58,empty_vs_na,,NA
10 - Lambton Kent DSB.xlsx,Monthly Update,4,59,empty_vs_na,,NA
10 - Lambton Kent DSB.xlsx,Monthly Update,4,60,empty_vs_na,,NA
10 - Lambton Kent DSB.xlsx,Monthly Update,4,61,empty_vs_na,,NA
10 - Lambton Kent DSB.xlsx,Monthly Update,4,63,empty_vs_na,,NA
10 - Lambton Kent DSB.xlsx,Monthly Update,4,64,empty_vs_na,,NA
10 - Lambton Kent DSB.xlsx,Monthly Update,4,65,empty_vs_na,,NA
10 - Lambton Kent DSB.xlsx,Monthly Update,4,66,empty_vs_na,,NA
10 - Lambton Kent DSB.xlsx,Monthly Update,4,67,empty_vs_na,,NA
10 - Lambton Kent DSB.xlsx,Monthly Update,4,68,empty_vs_na,,NA
10 - Lambton Kent DSB.xlsx,Monthly Update,4,69,empty_vs_na,,NA
10 - Lambton Kent DSB.xlsx,Monthly Update,4,70,empty_vs_na,,NA
10 - Lambton Kent DSB.xlsx,Monthly Update,4,71,empty_vs_na,,NA
10 - Lambton Kent DSB.xlsx,Monthly Update,4,72,empty_vs_na,,NA
10 - Lambton Kent DSB.xlsx,Monthly Update,4,73,empty_vs_na,,NA
10 - Lambton Kent DSB.xlsx,Monthly Update,7,68,empty_vs_na,,NA
10 - Lambton Kent DSB.xlsx,Monthly Update,7,69,empty_vs_na,,NA
10 - Lambton Kent DSB.xlsx,Monthly Update,7,70,empty_vs_na,,NA
10 - Lambton Kent DSB.xlsx,Monthly Update,7,71,empty_vs_na,,NA
10 - Lambton Kent DSB.xlsx,Monthly Update,7,72,empty_vs_na,,NA
10 - Lambton Kent DSB.xlsx,Monthly Update,7,73,empty_vs_na,,NA
10 - Lambton Kent DSB.xlsx,Monthly Update,10,3,empty_vs_na,,NA
10 - Lambton Kent DSB.xlsx,Monthly Update,10,18,empty_vs_na,,NA
10 - Lambton Kent DSB.xlsx,Monthly Update,10,22,empty_vs_na,,NA
10 - Lambton Kent DSB.xlsx,Monthly Update,10,25,empty_vs_na,,NA
10 - Lambton Kent DSB.xlsx,Monthly Update,10,27,empty_vs_na,,NA
10 - Lambton Kent DSB.xlsx,Monthly Update,10,32,empty_vs_na,,NA
10 - Lambton Kent DSB.xlsx,Monthly Update,10,34,empty_vs_na,,NA
10 - Lambton Kent DSB.xlsx,Monthly Update,10,36,empty_vs_na,,NA
100 - James Bay Lowlands Secondary School Board.xlsx,Basic Project Info,7,3,empty_vs_na,,NA
100 - James Bay Lowlands Secondary School Board.xlsx,Basic Project Info,7,9,empty_vs_na,,NA
100 - James Bay Lowlands Secondary School Board.xlsx,Basic Project Info,7,10,empty_vs_na,,NA
100 - James Bay Lowlands Secondary School Board.xlsx,Basic Project Info,7,11,empty_vs_na,,NA
100 - James Bay Lowlands Secondary School Board.xlsx,Basic Project Info,7,12,empty_vs_na,,NA
100 - James Bay Lowlands Secondary School Board.xlsx,Basic Project Info,8,3,empty_vs_na,,NA
100 - James Bay Lowlands Secondary School Board.xlsx,Basic Project Info,8,6,empty_vs_na,,NA
100 - James Bay Lowlands Secondary School Board.xlsx,Basic Project Info,8,9,empty_vs_na,,NA
100 - James Bay Lowlands Secondary School Board.xlsx,Basic Project Info,8,10,empty_vs_na,,NA
100 - James Bay Lowlands Secondary School Board.xlsx,Basic Project Info,8,11,empty_vs_na,,NA
100 - James Bay Lowlands Secondary School Board.xlsx,Basic Project Info,8,12,empty_vs_na,,NA
100 - James Bay Lowlands Secondary School Board.xlsx,Board Contacts,5,5,empty_vs_na,,NA
100 - James Bay Lowlands Secondary School Board.xlsx,Monthly Update,3,3,empty_vs_na,,NA
100 - James Bay Lowlands Secondary School Board.xlsx,Monthly Update,4,51,empty_vs_na,,NA
100 - James Bay Lowlands Secondary School Board.xlsx,Monthly Update,4,52,empty_vs_na,,NA
100 - James Bay Lowlands Secondary School Board.xlsx,Monthly Update,4,53,empty_vs_na,,NA
100 - James Bay Lowlands Secondary School Board.xlsx,Monthly Update,4,54,empty_vs_na,,NA
100 - James Bay Lowlands Secondary School Board.xlsx,Monthly Update,4,55,empty_vs_na,,NA
100 - James Bay Lowlands Secondary School Board.xlsx,Monthly Update,4,56,empty_vs_na,,NA
100 - James Bay Lowlands Secondary School Board.xlsx,Monthly Update,4,57,empty_vs_na,,NA
100 - James Bay Lowlands Secondary School Board.xlsx,Monthly Update,4,58,empty_vs_na,,NA
100 - James Bay Lowlands Secondary School Board.xlsx,Monthly Update,4,59,empty_vs_na,,NA
100 - James Bay Lowlands Secondary School Board.xlsx,Monthly Update,4,60,empty_vs_na,,NA
100 - James Bay Lowlands Secondary School Board.xlsx,Monthly Update,4,61,empty_vs_na,,NA
100 - James Bay Lowlands Secondary School Board.xlsx,Monthly Update,4,62,empty_vs_na,,NA
100 - James Bay Lowlands Secondary School Board.xlsx,Monthly Update,4,63,empty_vs_na,,NA
100 - James Bay Lowlands Secondary School Board.xlsx,Monthly Update,4,64,empty_vs_na,,NA
100 - James Bay Lowlands Secondary School Board.xlsx,Monthly Update,4,65,empty_vs_na,,NA
100 - James Bay Lowlands Secondary School Board.xlsx,Monthly Update,4,66,empty_vs_na,,NA
100 - James Bay Lowlands Secondary School Board.xlsx,Monthly Update,4,67,empty_vs_na,,NA
100 - James Bay Lowlands Secondary School Board.xlsx,Monthly Update,4,68,empty_vs_na,,NA
100 - James Bay Lowlands Secondary School Board.xlsx,Monthly Update,4,69,empty_vs_na,,NA
100 - James Bay Lowlands Secondary School Board.xlsx,Monthly Update,4,70,empty_vs_na,,NA
100 - James Bay Lowlands Secondary School Board.xlsx,Monthly Update,4,71,empty_vs_na,,NA
100 - James Bay Lowlands Secondary School Board.xlsx,Monthly Update,4,72,empty_vs_na,,NA
100 - James Bay Lowlands Secondary School Board.xlsx,Monthly Update,4,73,empty_vs_na,,NA
100 - James Bay Lowlands Secondary School Board.xlsx,Monthly Update,7,52,empty_vs_na,,NA
100 - James Bay Lowlands Secondary School Board.xlsx,Monthly Update,7,53,empty_vs_na,,NA
100 - James Bay Lowlands Secondary School Board.xlsx,Monthly Update,7,54,empty_vs_na,,NA
100 - James Bay Lowlands Secondary School Board.xlsx,Monthly Update,7,55,empty_vs_na,,NA
100 - James Bay Lowlands Secondary School Board.xlsx,Monthly Update,7,56,empty_vs_na,,NA
100 - James Bay Lowlands Secondary School Board.xlsx,Monthly Update,7,57,empty_vs_na,,NA
100 - James Bay Lowlands Secondary School Board.xlsx,Monthly Update,7,58,empty_vs_na,,NA
100 - James Bay Lowlands Secondary School Board.xlsx,Monthly Update,7,59,empty_vs_na,,NA
100 - James Bay Lowlands Secondary School Board.xlsx,Monthly Update,7,60,empty_vs_na,,NA
100 - James Bay Lowlands Secondary School Board.xlsx,Monthly Update,7,61,empty_vs_na,,NA
100 - James Bay Lowlands Secondary School Board.xlsx,Monthly Update,7,62,empty_vs_na,,NA
100 - James Bay Lowlands Secondary School Board.xlsx,Monthly Update,7,63,empty_vs_na,,NA
100 - James Bay Lowlands Secondary School Board.xlsx,Monthly Update,7,64,empty_vs_na,,NA
100 - James Bay Lowlands Secondary School Board.xlsx,Monthly Update,7,65,empty_vs_na,,NA
102 - Moose Factory Island District School Authority.xlsx,Basic Project Info,7,3,empty_vs_na,,NA
102 - Moose Factory Island District School Authority.xlsx,Basic Project Info,7,6,empty_vs_na,,NA
102 - Moose Factory Island District School Authority.xlsx,Basic Project Info,7,9,empty_vs_na,,NA
102 - Moose Factory Island District School Authority.xlsx,Basic Project Info,7,10,empty_vs_na,,NA
102 - Moose Factory Island District School Authority.xlsx,Basic Project Info,7,11,empty_vs_na,,NA
102 - Moose Factory Island District School Authority.xlsx,Basic Project Info,7,12,empty_vs_na,,NA
102 - Moose Factory Island District School Authority.xlsx,Basic Project Info,8,3,empty_vs_na,,NA
102 - Moose Factory Island District School Authority.xlsx,Basic Project Info,8,9,empty_vs_na,,NA
102 - Moose Factory Island District School Authority.xlsx,Basic Project Info,8,10,empty_vs_na,,NA
102 - Moose Factory Island District School Authority.xlsx,Basic Project Info,8,11,empty_vs_na,,NA
102 - Moose Factory Island District School Authority.xlsx,Basic Project Info,8,12,empty_vs_na,,NA
102 - Moose Factory Island District School Authority.xlsx,Basic Project Info,9,3,empty_vs_na,,NA
102 - Moose Factory Island District School Authority.xlsx,Basic Project Info,9,6,empty_vs_na,,NA
102 - Moose Factory Island District School Authority.xlsx,Basic Project Info,9,9,empty_vs_na,,NA
102 - Moose Factory Island District School Authority.xlsx,Basic Project Info,9,10,empty_vs_na,,NA
102 - Moose Factory Island District School Authority.xlsx,Basic Project Info,9,11,empty_vs_na,,NA
102 - Moose Factory Island District School Authority.xlsx,Basic Project Info,9,12,empty_vs_na,,NA
102 - Moose Factory Island District School Authority.xlsx,Board Contacts,5,1,empty_vs_na,,NA
102 - Moose Factory Island District School Authority.xlsx,Board Contacts,5,2,empty_vs_na,,NA
102 - Moose Factory Island District School Authority.xlsx,Board Contacts,5,3,empty_vs_na,,NA
102 - Moose Factory Island District School Authority.xlsx,Board Contacts,5,4,empty_vs_na,,NA
102 - Moose Factory Island District School Authority.xlsx,Board Contacts,5,5,empty_vs_na,,NA
102 - Moose Factory Island District School Authority.xlsx,Errors,10,1,empty_vs_na,NA,
102 - Moose Factory Island District School Authority.xlsx,Errors,10,2,empty_vs_na,NA,
102 - Moose Factory Island District School Authority.xlsx,Errors,10,3,empty_vs_na,NA,
102 - Moose Factory Island District School Authority.xlsx,Errors,10,4,empty_vs_na,NA,
102 - Moose Factory Island District School Authority.xlsx,Errors,10,5,empty_vs_na,NA,
102 - Moose Factory Island District School Authority.xlsx,Errors,10,6,empty_vs_na,NA,
102 - Moose Factory Island District School Authority.xlsx,Errors,10,7,empty_vs_na,NA,
102 - Moose Factory Island District School Authority.xlsx,Errors,10,8,empty_vs_na,NA,
102 - Moose Factory Island District School Authority.xlsx,Errors,10,9,empty_vs_na,NA,
102 - Moose Factory Island District School Authority.xlsx,Errors,10,10,empty_vs_na,NA,
102 - Moose Factory Island District School Authority.xlsx,Errors,10,11,empty_vs_na,NA,
102 - Moose Factory Island District School Authority.xlsx,Errors,10,12,empty_vs_na,NA,
102 - Moose Factory Island District School Authority.xlsx,Errors,10,13,empty_vs_na,NA,
102 - Moose Factory Island District School Authority.xlsx,Errors,10,14,empty_vs_na,NA,
102 - Moose Factory Island District School Authority.xlsx,Errors,10,15,empty_vs_na,NA,
102 - Moose Factory Island District School Authority.xlsx,Errors,10,16,empty_vs_na,NA,
102 - Moose Factory Island District School Authority.xlsx,Errors,10,17,empty_vs_na,NA,
102 - Moose Factory Island District School Authority.xlsx,Errors,10,18,empty_vs_na,NA,
102 - Moose Factory Island District School Authority.xlsx,Errors,10,19,empty_vs_na,NA,
102 - Moose Factory Island District School Authority.xlsx,Errors,10,20,empty_vs_na,NA,
102 - Moose Factory Island District School Authority.xlsx,Errors,10,21,empty_vs_na,NA,
102 - Moose Factory Island District School Authority.xlsx,Errors,10,22,empty_vs_na,NA,
102 - Moose Factory Island District School Authority.xlsx,Errors,10,23,empty_vs_na,NA,
102 - Moose Factory Island District School Authority.xlsx,Errors,10,24,empty_vs_na,NA,
102 - Moose Factory Island District School Authority.xlsx,Errors,10,25,empty_vs_na,NA,
102 - Moose Factory Island District School Authority.xlsx,Errors,10,26,empty_vs_na,NA,
102 - Moose Factory Island District School Authority.xlsx,Errors,10,27,empty_vs_na,NA,
102 - Moose Factory Island District School Authority.xlsx,Errors,10,28,empty_vs_na,NA,
102 - Moosonee District School Authority.xlsx,Basic Project Info,7,3,empty_vs_na,,NA
102 - Moosonee District School Authority.xlsx,Basic Project Info,7,6,empty_vs_na,,NA
102 - Moosonee District School Authority.xlsx,Basic Project Info,7,9,empty_vs_na,,NA
102 - Moosonee District School Authority.xlsx,Basic Project Info,7,10,empty_vs_na,,NA
102 - Moosonee District School Authority.xlsx,Basic Project Info,7,11,empty_vs_na,,NA
102 - Moosonee District School Authority.xlsx,Basic Project Info,7,12,empty_vs_na,,NA
102 - Moosonee District School Authority.xlsx,Basic Project Info,8,3,empty_vs_na,,NA
102 - Moosonee District School Authority.xlsx,Basic Project Info,8,6,empty_vs_na,,NA
102 - Moosonee District School Authority.xlsx,Basic Project Info,8,9,empty_vs_na,,NA
102 - Moosonee District School Authority.xlsx,Basic Project Info,8,10,empty_vs_na,,NA
102 - Moosonee District School Authority.xlsx,Basic Project Info,8,11,empty_vs_na,,NA
102 - Moosonee District School Authority.xlsx,Basic Project Info,8,12,empty_vs_na,,NA
102 - Moosonee District School Authority.xlsx,Basic Project Info,9,3,empty_vs_na,,NA
102 - Moosonee District School Authority.xlsx,Basic Project Info,9,6,empty_vs_na,,NA
102 - Moosonee District School Authority.xlsx,Basic Project Info,9,9,empty_vs_na,,NA
102 - Moosonee District School Authority.xlsx,Basic Project Info,9,10,empty_vs_na,,NA
102 - Moosonee District School Authority.xlsx,Basic Project Info,9,11,empty_vs_na,,NA
102 - Moosonee District School Authority.xlsx,Basic Project Info,9,12,empty_vs_na,,NA
102 - Moosonee District School Authority.xlsx,Basic Project Info,10,3,empty_vs_na,,NA
102 - Moosonee District School Authority.xlsx,Basic Project Info,10,6,empty_vs_na,,NA
102 - Moosonee District School Authority.xlsx,Basic Project Info,10,9,empty_vs_na,,NA
102 - Moosonee District School Authority.xlsx,Basic Project Info,10,10,empty_vs_na,,NA
102 - Moosonee District School Authority.xlsx,Basic Project Info,10,11,empty_vs_na,,NA
102 - Moosonee District School Authority.xlsx,Basic Project Info,10,12,empty_vs_na,,NA
102 - Moosonee District School Authority.xlsx,Basic Project Info,11,3,empty_vs_na,,NA
102 - Moosonee District School Authority.xlsx,Basic Project Info,11,9,empty_vs_na,,NA
102 - Moosonee District School Authority.xlsx,Basic Project Info,11,10,empty_vs_na,,NA
102 - Moosonee District School Authority.xlsx,Basic Project Info,11,11,empty_vs_na,,NA
102 - Moosonee District School Authority.xlsx,Basic Project Info,11,12,empty_vs_na,,NA
102 - Moosonee District School Authority.xlsx,Basic Project Info,12,3,empty_vs_na,,NA
102 - Moosonee District School Authority.xlsx,Basic Project Info,12,9,empty_vs_na,,NA
102 - Moosonee District School Authority.xlsx,Basic Project Info,12,10,empty_vs_na,,NA
102 - Moosonee District School Authority.xlsx,Basic Project Info,12,11,empty_vs_na,,NA
102 - Moosonee District School Authority.xlsx,Basic Project Info,12,12,empty_vs_na,,NA
102 - Moosonee District School Authority.xlsx,Basic Project Info,13,3,empty_vs_na,,NA
102 - Moosonee District School Authority.xlsx,Basic Project Info,13,9,empty_vs_na,,NA
102 - Moosonee District School Authority.xlsx,Basic Project Info,13,10,empty_vs_na,,NA
102 - Moosonee District School Authority.xlsx,Basic Project Info,13,11,empty_vs_na,,NA
102 - Moosonee District School Authority.xlsx,Basic Project Info,13,12,empty_vs_na,,NA
102 - Moosonee District School Authority.xlsx,Basic Project Info,14,3,empty_vs_na,,NA
102 - Moosonee District School Authority.xlsx,Basic Project Info,14,9,empty_vs_na,,NA
102 - Moosonee District School Authority.xlsx,Basic Project Info,14,10,empty_vs_na,,NA
102 - Moosonee District School Authority.xlsx,Basic Project Info,14,11,empty_vs_na,,NA
102 - Moosonee District School Authority.xlsx,Basic Project Info,14,12,empty_vs_na,,NA
102 - Moosonee District School Authority.xlsx,Basic Project Info,15,3,empty_vs_na,,NA
102 - Moosonee District School Authority.xlsx,Basic Project Info,15,6,empty_vs_na,,NA
102 - Moosonee District School Authority.xlsx,Basic Project Info,15,9,empty_vs_na,,NA
102 - Moosonee District School Authority.xlsx,Basic Project Info,15,10,empty_vs_na,,NA
102 - Moosonee District School Authority.xlsx,Basic Project Info,15,11,empty_vs_na,,NA
102 - Moosonee District School Authority.xlsx,Basic Project Info,15,12,empty_vs_na,,NA
103 - The Protestant Separate School Board of the Town of Penetanguishene.xlsx,Basic Project Info,7,3,empty_vs_na,,NA
103 - The Protestant Separate School Board of the Town of Penetanguishene.xlsx,Basic Project Info,7,9,empty_vs_na,,NA
103 - The Protestant Separate School Board of the Town of Penetanguishene.xlsx,Basic Project Info,7,10,empty_vs_na,,NA
103 - The Protestant Separate School Board of the Town of Penetanguishene.xlsx,Basic Project Info,7,11,empty_vs_na,,NA
103 - The Protestant Separate School Board of the Town of Penetanguishene.xlsx,Basic Project Info,7,12,empty_vs_na,,NA
103 - The Protestant Separate School Board of the Town of Penetanguishene.xlsx,Board Contacts,5,5,empty_vs_na,,NA
103 - The Protestant Separate School Board of the Town of Penetanguishene.xlsx,Board Contacts,6,5,empty_vs_na,,NA
103 - The Protestant Separate School Board of the Town of Penetanguishene.xlsx,Monthly Update,4,50,empty_vs_na,,NA
103 - The Protestant Separate School Board of the Town of Penetanguishene.xlsx,Monthly Update,4,51,empty_vs_na,,NA
103 - The Protestant Separate School Board of the Town of Penetanguishene.xlsx,Monthly Update,4,52,empty_vs_na,,NA
103 - The Protestant Separate School Board of the Town of Penetanguishene.xlsx,Monthly Update,4,53,empty_vs_na,,NA
103 - The Protestant Separate School Board of the Town of Penetanguishene.xlsx,Monthly Update,4,54,empty_vs_na,,NA
103 - The Protestant Separate School Board of the Town of Penetanguishene.xlsx,Monthly Update,4,55,empty_vs_na,,NA
103 - The Protestant Separate School Board of the Town of Penetanguishene.xlsx,Monthly Update,4,56,empty_vs_na,,NA
103 - The Protestant Separate School Board of the Town of Penetanguishene.xlsx,Monthly Update,4,57,empty_vs_na,,NA
103 - The Protestant Separate School Board of the Town of Penetanguishene.xlsx,Monthly Update,4,58,empty_vs_na,,NA
103 - The Protestant Separate School Board of the Town of Penetanguishene.xlsx,Monthly Update,4,59,empty_vs_na,,NA
103 - The Protestant Separate School Board of the Town of Penetanguishene.xlsx,Monthly Update,4,60,empty_vs_na,,NA
103 - The Protestant Separate School Board of the Town of Penetanguishene.xlsx,Monthly Update,4,61,empty_vs_na,,NA
103 - The Protestant Separate School Board of the Town of Penetanguishene.xlsx,Monthly Update,4,62,empty_vs_na,,NA
103 - The Protestant Separate School Board of the Town of Penetanguishene.xlsx,Monthly Update,4,63,empty_vs_na,,NA
103 - The Protestant Separate School Board of the Town of Penetanguishene.xlsx,Monthly Update,4,64,empty_vs_na,,NA
103 - The Protestant Separate School Board of the Town of Penetanguishene.xlsx,Monthly Update,4,65,empty_vs_na,,NA
103 - The Protestant Separate School Board of the Town of Penetanguishene.xlsx,Monthly Update,4,66,empty_vs_na,,NA
103 - The Protestant Separate School Board of the Town of Penetanguishene.xlsx,Monthly Update,4,67,empty_vs_na,,NA
103 - The Protestant Separate School Board of the Town of Penetanguishene.xlsx,Monthly Update,4,68,empty_vs_na,,NA
103 - The Protestant Separate School Board of the Town of Penetanguishene.xlsx,Monthly Update,4,69,empty_vs_na,,NA
103 - The Protestant Separate School Board of the Town of Penetanguishene.xlsx,Monthly Update,4,70,empty_vs_na,,NA
103 - The Protestant Separate School Board of the Town of Penetanguishene.xlsx,Monthly Update,4,71,empty_vs_na,,NA
103 - The Protestant Separate School Board of the Town of Penetanguishene.xlsx,Monthly Update,4,72,empty_vs_na,,NA
103 - The Protestant Separate School Board of the Town of Penetanguishene.xlsx,Monthly Update,4,73,empty_vs_na,,NA
103 - The Protestant Separate School Board of the Town of Penetanguishene.xlsx,Monthly Update,7,59,empty_vs_na,,NA
103 - The Protestant Separate School Board of the Town of Penetanguishene.xlsx,Monthly Update,7,60,empty_vs_na,,NA
103 - The Protestant Separate School Board of the Town of Penetanguishene.xlsx,Monthly Update,7,61,empty_vs_na,,NA
103 - The Protestant Separate School Board of the Town of Penetanguishene.xlsx,Monthly Update,7,62,empty_vs_na,,NA
103 - The Protestant Separate School Board of the Town of Penetanguishene.xlsx,Monthly Update,7,63,empty_vs_na,,NA
103 - The Protestant Separate School Board of the Town of Penetanguishene.xlsx,Monthly Update,7,64,empty_vs_na,,NA
103 - The Protestant Separate School Board of the Town of Penetanguishene.xlsx,Monthly Update,7,65,empty_vs_na,,NA
103 - The Protestant Separate School Board of the Town of Penetanguishene.xlsx,Monthly Update,7,66,empty_vs_na,,NA
103 - The Protestant Separate School Board of the Town of Penetanguishene.xlsx,Monthly Update,7,67,empty_vs_na,,NA
103 - The Protestant Separate School Board of the Town of Penetanguishene.xlsx,Monthly Update,7,68,empty_vs_na,,NA
103 - The Protestant Separate School Board of the Town of Penetanguishene.xlsx,Monthly Update,7,69,empty_vs_na,,NA
103 - The Protestant Separate School Board of the Town of Penetanguishene.xlsx,Monthly Update,7,70,empty_vs_na,,NA
103 - The Protestant Separate School Board of the Town of Penetanguishene.xlsx,Monthly Update,7,71,empty_vs_na,,NA
103 - The Protestant Separate School Board of the Town of Penetanguishene.xlsx,Monthly Update,7,72,empty_vs_na,,NA
103 - The Protestant Separate School Board of the Town of Penetanguishene.xlsx,Monthly Update,7,73,empty_vs_na,,NA
103 - The Protestant Separate School Board of the Town of Penetanguishene.xlsx,Monthly Update,10,18,empty_vs_na,,NA
103 - The Protestant Separate School Board of the Town of Penetanguishene.xlsx,Monthly Update,10,21,empty_vs_na,,NA
103 - The Protestant Separate School Board of the Town of Penetanguishene.xlsx,Monthly Update,10,22,empty_vs_na,,NA
103 - The Protestant Separate School Board of the Town of Penetanguishene.xlsx,Monthly Update,10,25,empty_vs_na,,NA
11 - Thames Valley DSB.xlsx,Basic Project Info,7,3,empty_vs_na,,NA
11 - Thames Valley DSB.xlsx,Basic Project Info,7,11,empty_vs_na,,NA
11 - Thames Valley DSB.xlsx,Basic Project Info,7,12,empty_vs_na,,NA
11 - Thames Valley DSB.xlsx,Basic Project Info,8,11,empty_vs_na,,NA
11 - Thames Valley DSB.xlsx,Basic Project Info,8,12,empty_vs_na,,NA
11 - Thames Valley DSB.xlsx,Basic Project Info,9,11,empty_vs_na,,NA
11 - Thames Valley DSB.xlsx,Basic Project Info,9,12,empty_vs_na,,NA
11 - Thames Valley DSB.xlsx,Basic Project Info,10,3,empty_vs_na,,NA
11 - Thames Valley DSB.xlsx,Basic Project Info,10,11,empty_vs_na,,NA
11 - Thames Valley DSB.xlsx,Basic Project Info,10,12,empty_vs_na,,NA
11 - Thames Valley DSB.xlsx,Basic Project Info,11,11,empty_vs_na,,NA
11 - Thames Valley DSB.xlsx,Basic Project Info,11,12,empty_vs_na,,NA
11 - Thames Valley DSB.xlsx,Basic Project Info,12,11,empty_vs_na,,NA
11 - Thames Valley DSB.xlsx,Basic Project Info,12,12,empty_vs_na,,NA
11 - Thames Valley DSB.xlsx,Basic Project Info,13,11,empty_vs_na,,NA
11 - Thames Valley DSB.xlsx,Basic Project Info,13,12,empty_vs_na,,NA
11 - Thames Valley DSB.xlsx,Basic Project Info,14,11,empty_vs_na,,NA
11 - Thames Valley DSB.xlsx,Basic Project Info,14,12,empty_vs_na,,NA
11 - Thames Valley DSB.xlsx,Basic Project Info,15,11,empty_vs_na,,NA
11 - Thames Valley DSB.xlsx,Basic Project Info,15,12,empty_vs_na,,NA
11 - Thames Valley DSB.xlsx,Basic Project Info,16,11,empty_vs_na,,NA
11 - Thames Valley DSB.xlsx,Basic Project Info,16,12,empty_vs_na,,NA
11 - Thames Valley DSB.xlsx,Basic Project Info,17,11,empty_vs_na,,NA
11 - Thames Valley DSB.xlsx,Basic Project Info,17,12,empty_vs_na,,NA
11 - Thames Valley DSB.xlsx,Basic Project Info,18,9,empty_vs_na,,NA
11 - Thames Valley DSB.xlsx,Basic Project Info,18,10,empty_vs_na,,NA
11 - Thames Valley DSB.xlsx,Basic Project Info,18,11,empty_vs_na,,NA
11 - Thames Valley DSB.xlsx,Basic Project Info,18,12,empty_vs_na,,NA
11 - Thames Valley DSB.xlsx,Basic Project Info,19,3,empty_vs_na,,NA
11 - Thames Valley DSB.xlsx,Basic Project Info,19,11,empty_vs_na,,NA
11 - Thames Valley DSB.xlsx,Basic Project Info,19,12,empty_vs_na,,NA
11 - Thames Valley DSB.xlsx,Basic Project Info,20,3,empty_vs_na,,NA
11 - Thames Valley DSB.xlsx,Basic Project Info,20,11,empty_vs_na,,NA
11 - Thames Valley DSB.xlsx,Basic Project Info,20,12,empty_vs_na,,NA
11 - Thames Valley DSB.xlsx,Basic Project Info,21,3,empty_vs_na,,NA
11 - Thames Valley DSB.xlsx,Basic Project Info,21,6,empty_vs_na,,NA
11 - Thames Valley DSB.xlsx,Basic Project Info,21,8,empty_vs_na,,NA
11 - Thames Valley DSB.xlsx,Basic Project Info,21,11,empty_vs_na,,NA
11 - Thames Valley DSB.xlsx,Basic Project Info,21,12,empty_vs_na,,NA
11 - Thames Valley DSB.xlsx,Basic Project Info,22,3,empty_vs_na,,NA
11 - Thames Valley DSB.xlsx,Basic Project Info,22,11,empty_vs_na,,NA
11 - Thames Valley DSB.xlsx,Basic Project Info,22,12,empty_vs_na,,NA
11 - Thames Valley DSB.xlsx,Board Contacts,7,5,empty_vs_na,,NA
11 - Thames Valley DSB.xlsx,Board Contacts,8,5,empty_vs_na,,NA
11 - Thames Valley DSB.xlsx,Board Contacts,9,2,empty_vs_na,,NA
11 - Thames Valley DSB.xlsx,Board Contacts,9,4,empty_vs_na,,NA
11 - Thames Valley DSB.xlsx,Board Contacts,9,5,empty_vs_na,,NA
11 - Thames Valley DSB.xlsx,Monthly Update,4,50,empty_vs_na,,NA
11 - Thames Valley DSB.xlsx,Monthly Update,4,52,empty_vs_na,,NA
11 - Thames Valley DSB.xlsx,Monthly Update,4,53,empty_vs_na,,NA
12 - Toronto DSB.xlsx,Basic Project Info,7,3,empty_vs_na,,NA
12 - Toronto DSB.xlsx,Basic Project Info,7,11,empty_vs_na,,NA
12 - Toronto DSB.xlsx,Basic Project Info,7,12,empty_vs_na,,NA
12 - Toronto DSB.xlsx,Basic Project Info,8,3,empty_vs_na,,NA
12 - Toronto DSB.xlsx,Basic Project Info,8,11,empty_vs_na,,NA
12 - Toronto DSB.xlsx,Basic Project Info,8,12,empty_vs_na,,NA
12 - Toronto DSB.xlsx,Basic Project Info,9,3,empty_vs_na,,NA
12 - Toronto DSB.xlsx,Basic Project Info,9,11,empty_vs_na,,NA
12 - Toronto DSB.xlsx,Basic Project Info,9,12,empty_vs_na,,NA
12 - Toronto DSB.xlsx,Basic Project Info,10,3,empty_vs_na,,NA
12 - Toronto DSB.xlsx,Basic Project Info,10,11,empty_vs_na,,NA
12 - Toronto DSB.xlsx,Basic Project Info,10,12,empty_vs_na,,NA
12 - Toronto DSB.xlsx,Basic Project Info,11,3,empty_vs_na,,NA
12 - Toronto DSB.xlsx,Basic Project Info,11,11,empty_vs_na,,NA
12 - Toronto DSB.xlsx,Basic Project Info,11,12,empty_vs_na,,NA
12 - Toronto DSB.xlsx,Basic Project Info,12,3,empty_vs_na,,NA
12 - Toronto DSB.xlsx,Basic Project Info,12,11,empty_vs_na,,NA
12 - Toronto DSB.xlsx,Basic Project Info,12,12,empty_vs_na,,NA
12 - Toronto DSB.xlsx,Basic Project Info,13,3,empty_vs_na,,NA
12 - Toronto DSB.xlsx,Basic Project Info,13,11,empty_vs_na,,NA
12 - Toronto DSB.xlsx,Basic Project Info,13,12,empty_vs_na,,NA
12 - Toronto DSB.xlsx,Basic Project Info,14,3,empty_vs_na,,NA
12 - Toronto DSB.xlsx,Basic Project Info,14,11,empty_vs_na,,NA
12 - Toronto DSB.xlsx,Basic Project Info,14,12,empty_vs_na,,NA
12 - Toronto DSB.xlsx,Basic Project Info,15,3,empty_vs_na,,NA
12 - Toronto DSB.xlsx,Basic Project Info,15,11,empty_vs_na,,NA
12 - Toronto DSB.xlsx,Basic Project Info,15,12,empty_vs_na,,NA
12 - Toronto DSB.xlsx,Basic Project Info,16,3,empty_vs_na,,NA
12 - Toronto DSB.xlsx,Basic Project Info,16,11,empty_vs_na,,NA
12 - Toronto DSB.xlsx,Basic Project Info,16,12,empty_vs_na,,NA
12 - Toronto DSB.xlsx,Basic Project Info,17,3,empty_vs_na,,NA
12 - Toronto DSB.xlsx,Basic Project Info,17,8,empty_vs_na,,NA
12 - Toronto DSB.xlsx,Basic Project Info,17,9,empty_vs_na,,NA
12 - Toronto DSB.xlsx,Basic Project Info,17,10,empty_vs_na,,NA
12 - Toronto DSB.xlsx,Basic Project Info,17,11,empty_vs_na,,NA
12 - Toronto DSB.xlsx,Basic Project Info,17,12,empty_vs_na,,NA
12 - Toronto DSB.xlsx,Basic Project Info,18,3,empty_vs_na,,NA
12 - Toronto DSB.xlsx,Basic Project Info,18,11,empty_vs_na,,NA
12 - Toronto DSB.xlsx,Basic Project Info,18,12,empty_vs_na,,NA
12 - Toronto DSB.xlsx,Basic Project Info,19,3,empty_vs_na,,NA
12 - Toronto DSB.xlsx,Basic Project Info,19,11,empty_vs_na,,NA
12 - Toronto DSB.xlsx,Basic Project Info,19,12,empty_vs_na,,NA
12 - Toronto DSB.xlsx,Basic Project Info,20,3,empty_vs_na,,NA
12 - Toronto DSB.xlsx,Basic Project Info,20,6,empty_vs_na,,NA
12 - Toronto DSB.xlsx,Basic Project Info,20,9,empty_vs_na,,NA
12 - Toronto DSB.xlsx,Basic Project Info,20,10,empty_vs_na,,NA
12 - Toronto DSB.xlsx,Basic Project Info,20,11,empty_vs_na,,NA
12 - Toronto DSB.xlsx,Basic Project Info,20,12,empty_vs_na,,NA
12 - Toronto DSB.xlsx,Basic Project Info,21,3,empty_vs_na,,NA
12 - Toronto DSB.xlsx,Basic Project Info,21,9,empty_vs_na,,NA
13 - Durham DSB.xlsx,Basic Project Info,7,3,empty_vs_na,,NA
13 - Durham DSB.xlsx,Basic Project Info,7,11,empty_vs_na,,NA
13 - Durham DSB.xlsx,Basic Project Info,7,12,empty_vs_na,,NA
13 - Durham DSB.xlsx,Basic Project Info,8,3,empty_vs_na,,NA
13 - Durham DSB.xlsx,Basic Project Info,8,11,empty_vs_na,,NA
13 - Durham DSB.xlsx,Basic Project Info,8,12,empty_vs_na,,NA
13 - Durham DSB.xlsx,Basic Project Info,9,3,empty_vs_na,,NA
13 - Durham DSB.xlsx,Basic Project Info,9,11,empty_vs_na,,NA
13 - Durham DSB.xlsx,Basic Project Info,9,12,empty_vs_na,,NA
13 - Durham DSB.xlsx,Basic Project Info,10,11,empty_vs_na,,NA
13 - Durham DSB.xlsx,Basic Project Info,10,12,empty_vs_na,,NA
13 - Durham DSB.xlsx,Basic Project Info,11,11,empty_vs_na,,NA
13 - Durham DSB.xlsx,Basic Project Info,11,12,empty_vs_na,,NA
13 - Durham DSB.xlsx,Basic Project Info,12,11,empty_vs_na,,NA
13 - Durham DSB.xlsx,Basic Project Info,12,12,empty_vs_na,,NA
13 - Durham DSB.xlsx,Basic Project Info,13,11,empty_vs_na,,NA
13 - Durham DSB.xlsx,Basic Project Info,13,12,empty_vs_na,,NA
13 - Durham DSB.xlsx,Basic Project Info,14,9,empty_vs_na,,NA
13 - Durham DSB.xlsx,Basic Project Info,14,10,empty_vs_na,,NA
13 - Durham DSB.xlsx,Basic Project Info,14,11,empty_vs_na,,NA
13 - Durham DSB.xlsx,Basic Project Info,14,12,empty_vs_na,,NA
13 - Durham DSB.xlsx,Basic Project Info,15,9,empty_vs_na,,NA
13 - Durham DSB.xlsx,Basic Project Info,15,10,empty_vs_na,,NA
13 - Durham DSB.xlsx,Basic Project Info,15,11,empty_vs_na,,NA
13 - Durham DSB.xlsx,Basic Project Info,15,12,empty_vs_na,,NA
13 - Durham DSB.xlsx,Basic Project Info,16,9,empty_vs_na,,NA
13 - Durham DSB.xlsx,Basic Project Info,16,10,empty_vs_na,,NA
13 - Durham DSB.xlsx,Basic Project Info,16,11,empty_vs_na,,NA
13 - Durham DSB.xlsx,Basic Project Info,16,12,empty_vs_na,,NA
13 - Durham DSB.xlsx,Basic Project Info,17,9,empty_vs_na,,NA
13 - Durham DSB.xlsx,Basic Project Info,17,10,empty_vs_na,,NA
13 - Durham DSB.xlsx,Basic Project Info,17,11,empty_vs_na,,NA
13 - Durham DSB.xlsx,Basic Project Info,17,12,empty_vs_na,,NA
13 - Durham DSB.xlsx,Basic Project Info,18,9,empty_vs_na,,NA
13 - Durham DSB.xlsx,Basic Project Info,18,10,empty_vs_na,,NA
13 - Durham DSB.xlsx,Basic Project Info,18,11,empty_vs_na,,NA
13 - Durham DSB.xlsx,Basic Project Info,18,12,empty_vs_na,,NA
13 - Durham DSB.xlsx,Basic Project Info,19,3,empty_vs_na,,NA
13 - Durham DSB.xlsx,Basic Project Info,19,9,empty_vs_na,,NA
13 - Durham DSB.xlsx,Basic Project Info,19,10,empty_vs_na,,NA
13 - Durham DSB.xlsx,Basic Project Info,19,11,empty_vs_na,,NA
13 - Durham DSB.xlsx,Basic Project Info,19,12,empty_vs_na,,NA
13 - Durham DSB.xlsx,Basic Project Info,20,3,empty_vs_na,,NA
13 - Durham DSB.xlsx,Basic Project Info,20,9,empty_vs_na,,NA
13 - Durham DSB.xlsx,Basic Project Info,20,10,empty_vs_na,,NA
13 - Durham DSB.xlsx,Basic Project Info,20,11,empty_vs_na,,NA
13 - Durham DSB.xlsx,Basic Project Info,20,12,empty_vs_na,,NA
13 - Durham DSB.xlsx,Basic Project Info,21,3,empty_vs_na,,NA
13 - Durham DSB.xlsx,Basic Project Info,21,8,empty_vs_na,,NA
13 - Durham DSB.xlsx,Basic Project Info,21,9,empty_vs_na,,NA
14 - Kawartha Pine Ridge DSB.xlsx,Basic Project Info,7,8,empty_vs_na,,NA
14 - Kawartha Pine Ridge DSB.xlsx,Basic Project Info,7,11,empty_vs_na,,NA
14 - Kawartha Pine Ridge DSB.xlsx,Basic Project Info,7,12,empty_vs_na,,NA
14 - Kawartha Pine Ridge DSB.xlsx,Basic Project Info,8,3,empty_vs_na,,NA
14 - Kawartha Pine Ridge DSB.xlsx,Basic Project Info,8,11,empty_vs_na,,NA
14 - Kawartha Pine Ridge DSB.xlsx,Basic Project Info,8,12,empty_vs_na,,NA
14 - Kawartha Pine Ridge DSB.xlsx,Basic Project Info,9,3,empty_vs_na,,NA
14 - Kawartha Pine Ridge DSB.xlsx,Basic Project Info,9,9,empty_vs_na,,NA
14 - Kawartha Pine Ridge DSB.xlsx,Basic Project Info,9,10,empty_vs_na,,NA
14 - Kawartha Pine Ridge DSB.xlsx,Basic Project Info,9,11,empty_vs_na,,NA
14 - Kawartha Pine Ridge DSB.xlsx,Basic Project Info,9,12,empty_vs_na,,NA
14 - Kawartha Pine Ridge DSB.xlsx,Basic Project Info,10,3,empty_vs_na,,NA
14 - Kawartha Pine Ridge DSB.xlsx,Basic Project Info,10,9,empty_vs_na,,NA
14 - Kawartha Pine Ridge DSB.xlsx,Basic Project Info,10,10,empty_vs_na,,NA
14 - Kawartha Pine Ridge DSB.xlsx,Basic Project Info,10,11,empty_vs_na,,NA
14 - Kawartha Pine Ridge DSB.xlsx,Basic Project Info,10,12,empty_vs_na,,NA
14 - Kawartha Pine Ridge DSB.xlsx,Basic Project Info,11,3,empty_vs_na,,NA
14 - Kawartha Pine Ridge DSB.xlsx,Basic Project Info,11,9,empty_vs_na,,NA
14 - Kawartha Pine Ridge DSB.xlsx,Basic Project Info,11,10,empty_vs_na,,NA
14 - Kawartha Pine Ridge DSB.xlsx,Basic Project Info,11,11,empty_vs_na,,NA
14 - Kawartha Pine Ridge DSB.xlsx,Basic Project Info,11,12,empty_vs_na,,NA
14 - Kawartha Pine Ridge DSB.xlsx,Basic Project Info,12,3,empty_vs_na,,NA
14 - Kawartha Pine Ridge DSB.xlsx,Basic Project Info,12,9,empty_vs_na,,NA
14 - Kawartha Pine Ridge DSB.xlsx,Basic Project Info,12,10,empty_vs_na,,NA
14 - Kawartha Pine Ridge DSB.xlsx,Basic Project Info,12,11,empty_vs_na,,NA
14 - Kawartha Pine Ridge DSB.xlsx,Basic Project Info,12,12,empty_vs_na,,NA
14 - Kawartha Pine Ridge DSB.xlsx,Monthly Update,4,50,empty_vs_na,,NA
14 - Kawartha Pine Ridge DSB.xlsx,Monthly Update,4,52,empty_vs_na,,NA
14 - Kawartha Pine Ridge DSB.xlsx,Monthly Update,4,53,empty_vs_na,,NA
14 - Kawartha Pine Ridge DSB.xlsx,Monthly Update,4,54,empty_vs_na,,NA
14 - Kawartha Pine Ridge DSB.xlsx,Monthly Update,4,55,empty_vs_na,,NA
14 - Kawartha Pine Ridge DSB.xlsx,Monthly Update,4,56,empty_vs_na,,NA
14 - Kawartha Pine Ridge DSB.xlsx,Monthly Update,4,57,empty_vs_na,,NA
14 - Kawartha Pine Ridge DSB.xlsx,Monthly Update,4,58,empty_vs_na,,NA
14 - Kawartha Pine Ridge DSB.xlsx,Monthly Update,4,59,empty_vs_na,,NA
14 - Kawartha Pine Ridge DSB.xlsx,Monthly Update,4,60,empty_vs_na,,NA
14 - Kawartha Pine Ridge DSB.xlsx,Monthly Update,4,61,empty_vs_na,,NA
14 - Kawartha Pine Ridge DSB.xlsx,Monthly Update,4,62,empty_vs_na,,NA
14 - Kawartha Pine Ridge DSB.xlsx,Monthly Update,4,63,empty_vs_na,,NA
14 - Kawartha Pine Ridge DSB.xlsx,Monthly Update,4,64,empty_vs_na,,NA
14 - Kawartha Pine Ridge DSB.xlsx,Monthly Update,4,65,empty_vs_na,,NA
14 - Kawartha Pine Ridge DSB.xlsx,Monthly Update,4,66,empty_vs_na,,NA
14 - Kawartha Pine Ridge DSB.xlsx,Monthly Update,4,67,empty_vs_na,,NA
14 - Kawartha Pine Ridge DSB.xlsx,Monthly Update,4,68,empty_vs_na,,NA
14 - Kawartha Pine Ridge DSB.xlsx,Monthly Update,4,69,empty_vs_na,,NA
14 - Kawartha Pine Ridge DSB.xlsx,Monthly Update,4,70,empty_vs_na,,NA
14 - Kawartha Pine Ridge DSB.xlsx,Monthly Update,4,71,empty_vs_na,,NA
14 - Kawartha Pine Ridge DSB.xlsx,Monthly Update,4,72,empty_vs_na,,NA
14 - Kawartha Pine Ridge DSB.xlsx,Monthly Update,4,73,empty_vs_na,,NA
14 - Kawartha Pine Ridge DSB.xlsx,Monthly Update,7,66,empty_vs_na,,NA
15 - Trillium Lakelands DSB.xlsx,Basic Project Info,7,3,empty_vs_na,,NA
15 - Trillium Lakelands DSB.xlsx,Basic Project Info,7,11,empty_vs_na,,NA
15 - Trillium Lakelands DSB.xlsx,Basic Project Info,7,12,empty_vs_na,,NA
15 - Trillium Lakelands DSB.xlsx,Board Contacts,6,2,empty_vs_na,,NA
15 - Trillium Lakelands DSB.xlsx,Board Contacts,6,5,empty_vs_na,,NA
15 - Trillium Lakelands DSB.xlsx,Board Contacts,7,5,empty_vs_na,,NA
15 - Trillium Lakelands DSB.xlsx,Errors,10,1,empty_vs_na,NA,
15 - Trillium Lakelands DSB.xlsx,Errors,10,2,empty_vs_na,NA,
15 - Trillium Lakelands DSB.xlsx,Errors,10,3,empty_vs_na,NA,
15 - Trillium Lakelands DSB.xlsx,Errors,10,4,empty_vs_na,NA,
15 - Trillium Lakelands DSB.xlsx,Errors,10,5,empty_vs_na,NA,
15 - Trillium Lakelands DSB.xlsx,Errors,10,6,empty_vs_na,NA,
15 - Trillium Lakelands DSB.xlsx,Errors,10,7,empty_vs_na,NA,
15 - Trillium Lakelands DSB.xlsx,Errors,10,8,empty_vs_na,NA,
15 - Trillium Lakelands DSB.xlsx,Errors,10,9,empty_vs_na,NA,
15 - Trillium Lakelands DSB.xlsx,Errors,10,10,empty_vs_na,NA,
15 - Trillium Lakelands DSB.xlsx,Errors,10,11,empty_vs_na,NA,
15 - Trillium Lakelands DSB.xlsx,Errors,10,12,empty_vs_na,NA,
15 - Trillium Lakelands DSB.xlsx,Errors,10,13,empty_vs_na,NA,
15 - Trillium Lakelands DSB.xlsx,Errors,10,14,empty_vs_na,NA,
15 - Trillium Lakelands DSB.xlsx,Errors,10,15,empty_vs_na,NA,
15 - Trillium Lakelands DSB.xlsx,Errors,10,16,empty_vs_na,NA,
15 - Trillium Lakelands DSB.xlsx,Errors,10,17,empty_vs_na,NA,
15 - Trillium Lakelands DSB.xlsx,Errors,10,18,empty_vs_na,NA,
15 - Trillium Lakelands DSB.xlsx,Errors,10,19,empty_vs_na,NA,
15 - Trillium Lakelands DSB.xlsx,Errors,10,20,empty_vs_na,NA,
15 - Trillium Lakelands DSB.xlsx,Errors,10,21,empty_vs_na,NA,
15 - Trillium Lakelands DSB.xlsx,Errors,10,22,empty_vs_na,NA,
15 - Trillium Lakelands DSB.xlsx,Errors,10,23,empty_vs_na,NA,
15 - Trillium Lakelands DSB.xlsx,Errors,10,24,empty_vs_na,NA,
15 - Trillium Lakelands DSB.xlsx,Errors,10,25,empty_vs_na,NA,
15 - Trillium Lakelands DSB.xlsx,Errors,10,26,empty_vs_na,NA,
15 - Trillium Lakelands DSB.xlsx,Errors,10,27,empty_vs_na,NA,
15 - Trillium Lakelands DSB.xlsx,Errors,10,28,empty_vs_na,NA,
15 - Trillium Lakelands DSB.xlsx,Errors,10,29,empty_vs_na,NA,
15 - Trillium Lakelands DSB.xlsx,Errors,10,30,empty_vs_na,NA,
15 - Trillium Lakelands DSB.xlsx,Errors,10,31,empty_vs_na,NA,
15 - Trillium Lakelands DSB.xlsx,Errors,10,32,empty_vs_na,NA,
15 - Trillium Lakelands DSB.xlsx,Errors,10,33,empty_vs_na,NA,
15 - Trillium Lakelands DSB.xlsx,Errors,10,34,empty_vs_na,NA,
15 - Trillium Lakelands DSB.xlsx,Errors,10,35,empty_vs_na,NA,
15 - Trillium Lakelands DSB.xlsx,Errors,10,36,empty_vs_na,NA,
15 - Trillium Lakelands DSB.xlsx,Errors,10,37,empty_vs_na,NA,
15 - Trillium Lakelands DSB.xlsx,Errors,10,38,empty_vs_na,NA,
15 - Trillium Lakelands DSB.xlsx,Errors,10,39,empty_vs_na,NA,
15 - Trillium Lakelands DSB.xlsx,Errors,10,40,empty_vs_na,NA,
15 - Trillium Lakelands DSB.xlsx,Errors,10,41,empty_vs_na,NA,
15 - Trillium Lakelands DSB.xlsx,Errors,10,42,empty_vs_na,NA,
15 - Trillium Lakelands DSB.xlsx,Errors,10,43,empty_vs_na,NA,
15 - Trillium Lakelands DSB.xlsx,Errors,10,44,empty_vs_na,NA,
16 - York Region DSB.xlsx,Basic Project Info,7,3,empty_vs_na,,NA
16 - York Region DSB.xlsx,Basic Project Info,7,11,empty_vs_na,,NA
16 - York Region DSB.xlsx,Basic Project Info,7,12,empty_vs_na,,NA
16 - York Region DSB.xlsx,Basic Project Info,8,3,empty_vs_na,,NA
16 - York Region DSB.xlsx,Basic Project Info,8,8,empty_vs_na,,NA
16 - York Region DSB.xlsx,Basic Project Info,8,11,empty_vs_na,,NA
16 - York Region DSB.xlsx,Basic Project Info,8,12,empty_vs_na,,NA
16 - York Region DSB.xlsx,Basic Project Info,9,3,empty_vs_na,,NA
16 - York Region DSB.xlsx,Basic Project Info,9,8,empty_vs_na,,NA
16 - York Region DSB.xlsx,Basic Project Info,9,11,empty_vs_na,,NA
16 - York Region DSB.xlsx,Basic Project Info,9,12,empty_vs_na,,NA
16 - York Region DSB.xlsx,Basic Project Info,10,3,empty_vs_na,,NA
16 - York Region DSB.xlsx,Basic Project Info,10,8,empty_vs_na,,NA
16 - York Region DSB.xlsx,Basic Project Info,10,11,empty_vs_na,,NA
16 - York Region DSB.xlsx,Basic Project Info,10,12,empty_vs_na,,NA
16 - York Region DSB.xlsx,Basic Project Info,11,3,empty_vs_na,,NA
16 - York Region DSB.xlsx,Basic Project Info,11,8,empty_vs_na,,NA
16 - York Region DSB.xlsx,Basic Project Info,11,11,empty_vs_na,,NA
16 - York Region DSB.xlsx,Basic Project Info,11,12,empty_vs_na,,NA
16 - York Region DSB.xlsx,Basic Project Info,12,3,empty_vs_na,,NA
16 - York Region DSB.xlsx,Basic Project Info,12,11,empty_vs_na,,NA
16 - York Region DSB.xlsx,Basic Project Info,12,12,empty_vs_na,,NA
16 - York Region DSB.xlsx,Basic Project Info,13,3,empty_vs_na,,NA
16 - York Region DSB.xlsx,Basic Project Info,13,8,empty_vs_na,,NA
16 - York Region DSB.xlsx,Basic Project Info,13,11,empty_vs_na,,NA
16 - York Region DSB.xlsx,Basic Project Info,13,12,empty_vs_na,,NA
16 - York Region DSB.xlsx,Basic Project Info,14,3,empty_vs_na,,NA
16 - York Region DSB.xlsx,Basic Project Info,14,8,empty_vs_na,,NA
16 - York Region DSB.xlsx,Basic Project Info,14,11,empty_vs_na,,NA
16 - York Region DSB.xlsx,Basic Project Info,14,12,empty_vs_na,,NA
16 - York Region DSB.xlsx,Basic Project Info,15,3,empty_vs_na,,NA
16 - York Region DSB.xlsx,Basic Project Info,15,11,empty_vs_na,,NA
16 - York Region DSB.xlsx,Basic Project Info,15,12,empty_vs_na,,NA
16 - York Region DSB.xlsx,Basic Project Info,16,3,empty_vs_na,,NA
16 - York Region DSB.xlsx,Basic Project Info,16,6,empty_vs_na,,NA
16 - York Region DSB.xlsx,Basic Project Info,16,9,empty_vs_na,,NA
16 - York Region DSB.xlsx,Basic Project Info,16,10,empty_vs_na,,NA
16 - York Region DSB.xlsx,Basic Project Info,16,11,empty_vs_na,,NA
16 - York Region DSB.xlsx,Basic Project Info,16,12,empty_vs_na,,NA
16 - York Region DSB.xlsx,Basic Project Info,17,3,empty_vs_na,,NA
16 - York Region DSB.xlsx,Basic Project Info,17,9,empty_vs_na,,NA
16 - York Region DSB.xlsx,Basic Project Info,17,10,empty_vs_na,,NA
16 - York Region DSB.xlsx,Basic Project Info,17,11,empty_vs_na,,NA
16 - York Region DSB.xlsx,Basic Project Info,17,12,empty_vs_na,,NA
16 - York Region DSB.xlsx,Basic Project Info,18,3,empty_vs_na,,NA
16 - York Region DSB.xlsx,Basic Project Info,18,9,empty_vs_na,,NA
16 - York Region DSB.xlsx,Basic Project Info,18,10,empty_vs_na,,NA
16 - York Region DSB.xlsx,Basic Project Info,18,11,empty_vs_na,,NA
16 - York Region DSB.xlsx,Basic Project Info,18,12,empty_vs_na,,NA
16 - York Region DSB.xlsx,Basic Project Info,19,3,empty_vs_na,,NA
17 - Simcoe County DSB.xlsx,Basic Project Info,7,3,empty_vs_na,,NA
17 - Simcoe County DSB.xlsx,Basic Project Info,7,6,empty_vs_na,,NA
17 - Simcoe County DSB.xlsx,Basic Project Info,7,8,empty_vs_na,,NA
17 - Simcoe County DSB.xlsx,Basic Project Info,7,9,empty_vs_na,,NA
17 - Simcoe County DSB.xlsx,Basic Project Info,7,10,empty_vs_na,,NA
17 - Simcoe County DSB.xlsx,Basic Project Info,7,11,empty_vs_na,,NA
17 - Simcoe County DSB.xlsx,Basic Project Info,7,12,empty_vs_na,,NA
17 - Simcoe County DSB.xlsx,Basic Project Info,8,3,empty_vs_na,,NA
17 - Simcoe County DSB.xlsx,Basic Project Info,8,11,empty_vs_na,,NA
17 - Simcoe County DSB.xlsx,Basic Project Info,8,12,empty_vs_na,,NA
17 - Simcoe County DSB.xlsx,Basic Project Info,9,3,empty_vs_na,,NA
17 - Simcoe County DSB.xlsx,Basic Project Info,9,11,empty_vs_na,,NA
17 - Simcoe County DSB.xlsx,Basic Project Info,9,12,empty_vs_na,,NA
17 - Simcoe County DSB.xlsx,Basic Project Info,10,3,empty_vs_na,,NA
17 - Simcoe County DSB.xlsx,Basic Project Info,10,11,empty_vs_na,,NA
17 - Simcoe County DSB.xlsx,Basic Project Info,10,12,empty_vs_na,,NA
17 - Simcoe County DSB.xlsx,Basic Project Info,11,3,empty_vs_na,,NA
17 - Simcoe County DSB.xlsx,Basic Project Info,11,8,empty_vs_na,,NA
17 - Simcoe County DSB.xlsx,Basic Project Info,11,11,empty_vs_na,,NA
17 - Simcoe County DSB.xlsx,Basic Project Info,11,12,empty_vs_na,,NA
17 - Simcoe County DSB.xlsx,Basic Project Info,12,3,empty_vs_na,,NA
17 - Simcoe County DSB.xlsx,Basic Project Info,12,11,empty_vs_na,,NA
17 - Simcoe County DSB.xlsx,Basic Project Info,12,12,empty_vs_na,,NA
17 - Simcoe County DSB.xlsx,Basic Project Info,13,3,empty_vs_na,,NA
17 - Simcoe County DSB.xlsx,Basic Project Info,13,8,empty_vs_na,,NA
17 - Simcoe County DSB.xlsx,Basic Project Info,13,11,empty_vs_na,,NA
17 - Simcoe County DSB.xlsx,Basic Project Info,13,12,empty_vs_na,,NA
17 - Simcoe County DSB.xlsx,Basic Project Info,14,3,empty_vs_na,,NA
17 - Simcoe County DSB.xlsx,Basic Project Info,14,9,empty_vs_na,,NA
17 - Simcoe County DSB.xlsx,Basic Project Info,14,10,empty_vs_na,,NA
17 - Simcoe County DSB.xlsx,Basic Project Info,14,11,empty_vs_na,,NA
17 - Simcoe County DSB.xlsx,Basic Project Info,14,12,empty_vs_na,,NA
17 - Simcoe County DSB.xlsx,Basic Project Info,15,3,empty_vs_na,,NA
17 - Simcoe County DSB.xlsx,Basic Project Info,15,9,empty_vs_na,,NA
17 - Simcoe County DSB.xlsx,Basic Project Info,15,10,empty_vs_na,,NA
17 - Simcoe County DSB.xlsx,Basic Project Info,15,11,empty_vs_na,,NA
17 - Simcoe County DSB.xlsx,Basic Project Info,15,12,empty_vs_na,,NA
17 - Simcoe County DSB.xlsx,Basic Project Info,16,3,empty_vs_na,,NA
17 - Simcoe County DSB.xlsx,Basic Project Info,16,9,empty_vs_na,,NA
17 - Simcoe County DSB.xlsx,Basic Project Info,16,10,empty_vs_na,,NA
17 - Simcoe County DSB.xlsx,Basic Project Info,16,11,empty_vs_na,,NA
17 - Simcoe County DSB.xlsx,Basic Project Info,16,12,empty_vs_na,,NA
17 - Simcoe County DSB.xlsx,Basic Project Info,17,3,empty_vs_na,,NA
17 - Simcoe County DSB.xlsx,Basic Project Info,17,11,empty_vs_na,,NA
17 - Simcoe County DSB.xlsx,Basic Project Info,17,12,empty_vs_na,,NA
17 - Simcoe County DSB.xlsx,Basic Project Info,18,3,empty_vs_na,,NA
17 - Simcoe County DSB.xlsx,Basic Project Info,18,9,empty_vs_na,,NA
17 - Simcoe County DSB.xlsx,Basic Project Info,18,10,empty_vs_na,,NA
17 - Simcoe County DSB.xlsx,Basic Project Info,18,11,empty_vs_na,,NA
17 - Simcoe County DSB.xlsx,Basic Project Info,18,12,empty_vs_na,,NA
18 - Upper Grand DSB.xlsx,Basic Project Info,7,11,empty_vs_na,,NA
18 - Upper Grand DSB.xlsx,Basic Project Info,7,12,empty_vs_na,,NA
18 - Upper Grand DSB.xlsx,Basic Project Info,8,8,empty_vs_na,,NA
18 - Upper Grand DSB.xlsx,Basic Project Info,8,11,empty_vs_na,,NA
18 - Upper Grand DSB.xlsx,Basic Project Info,9,11,empty_vs_na,,NA
18 - Upper Grand DSB.xlsx,Basic Project Info,9,12,empty_vs_na,,NA
18 - Upper Grand DSB.xlsx,Basic Project Info,10,3,empty_vs_na,,NA
18 - Upper Grand DSB.xlsx,Basic Project Info,10,6,empty_vs_na,,NA
18 - Upper Grand DSB.xlsx,Basic Project Info,10,11,empty_vs_na,,NA
18 - Upper Grand DSB.xlsx,Basic Project Info,10,12,empty_vs_na,,NA
18 - Upper Grand DSB.xlsx,Board Contacts,8,1,empty_vs_na,,NA
18 - Upper Grand DSB.xlsx,Board Contacts,8,2,empty_vs_na,,NA
18 - Upper Grand DSB.xlsx,Board Contacts,8,3,empty_vs_na,,NA
18 - Upper Grand DSB.xlsx,Board Contacts,8,4,empty_vs_na,,NA
18 - Upper Grand DSB.xlsx,Board Contacts,8,5,empty_vs_na,,NA
18 - Upper Grand DSB.xlsx,Monthly Update,3,3,empty_vs_na,,NA
18 - Upper Grand DSB.xlsx,Monthly Update,4,55,empty_vs_na,,NA
18 - Upper Grand DSB.xlsx,Monthly Update,4,56,empty_vs_na,,NA
18 - Upper Grand DSB.xlsx,Monthly Update,4,57,empty_vs_na,,NA
18 - Upper Grand DSB.xlsx,Monthly Update,4,58,empty_vs_na,,NA
18 - Upper Grand DSB.xlsx,Monthly Update,4,59,empty_vs_na,,NA
18 - Upper Grand DSB.xlsx,Monthly Update,4,60,empty_vs_na,,NA
18 - Upper Grand DSB.xlsx,Monthly Update,4,61,empty_vs_na,,NA
18 - Upper Grand DSB.xlsx,Monthly Update,4,63,empty_vs_na,,NA
18 - Upper Grand DSB.xlsx,Monthly Update,4,64,empty_vs_na,,NA
18 - Upper Grand DSB.xlsx,Monthly Update,4,65,empty_vs_na,,NA
18 - Upper Grand DSB.xlsx,Monthly Update,4,66,empty_vs_na,,NA
18 - Upper Grand DSB.xlsx,Monthly Update,4,67,empty_vs_na,,NA
18 - Upper Grand DSB.xlsx,Monthly Update,4,68,empty_vs_na,,NA
18 - Upper Grand DSB.xlsx,Monthly Update,4,69,empty_vs_na,,NA
18 - Upper Grand DSB.xlsx,Monthly Update,4,70,empty_vs_na,,NA
18 - Upper Grand DSB.xlsx,Monthly Update,4,71,empty_vs_na,,NA
18 - Upper Grand DSB.xlsx,Monthly Update,4,72,empty_vs_na,,NA
18 - Upper Grand DSB.xlsx,Monthly Update,4,73,empty_vs_na,,NA
18 - Upper Grand DSB.xlsx,Monthly Update,7,72,empty_vs_na,,NA
18 - Upper Grand DSB.xlsx,Monthly Update,7,73,empty_vs_na,,NA
18 - Upper Grand DSB.xlsx,Monthly Update,10,3,empty_vs_na,,NA
18 - Upper Grand DSB.xlsx,Monthly Update,10,8,empty_vs_na,,NA
18 - Upper Grand DSB.xlsx,Monthly Update,10,12,empty_vs_na,,NA
18 - Upper Grand DSB.xlsx,Monthly Update,10,18,empty_vs_na,,NA
18 - Upper Grand DSB.xlsx,Monthly Update,10,21,empty_vs_na,,NA
18 - Upper Grand DSB.xlsx,Monthly Update,10,22,empty_vs_na,,NA
18 - Upper Grand DSB.xlsx,Monthly Update,10,25,empty_vs_na,,NA
18 - Upper Grand DSB.xlsx,Monthly Update,10,27,empty_vs_na,,NA
18 - Upper Grand DSB.xlsx,Monthly Update,10,32,empty_vs_na,,NA
18 - Upper Grand DSB.xlsx,Monthly Update,10,34,empty_vs_na,,NA
18 - Upper Grand DSB.xlsx,Monthly Update,10,36,empty_vs_na,,NA
18 - Upper Grand DSB.xlsx,Monthly Update,10,37,empty_vs_na,,NA
18 - Upper Grand DSB.xlsx,Monthly Update,10,38,empty_vs_na,,NA
18 - Upper Grand DSB.xlsx,Monthly Update,10,42,empty_vs_na,,NA
19 - Peel DSB.xlsx,Basic Project Info,7,3,empty_vs_na,,NA
19 - Peel DSB.xlsx,Basic Project Info,7,11,empty_vs_na,,NA
19 - Peel DSB.xlsx,Basic Project Info,7,12,empty_vs_na,,NA
19 - Peel DSB.xlsx,Basic Project Info,8,3,empty_vs_na,,NA
19 - Peel DSB.xlsx,Basic Project Info,8,11,empty_vs_na,,NA
19 - Peel DSB.xlsx,Basic Project Info,8,12,empty_vs_na,,NA
19 - Peel DSB.xlsx,Basic Project Info,9,3,empty_vs_na,,NA
19 - Peel DSB.xlsx,Basic Project Info,9,11,empty_vs_na,,NA
19 - Peel DSB.xlsx,Basic Project Info,9,12,empty_vs_na,,NA
19 - Peel DSB.xlsx,Basic Project Info,10,8,empty_vs_na,,NA
19 - Peel DSB.xlsx,Basic Project Info,10,11,empty_vs_na,,NA
19 - Peel DSB.xlsx,Basic Project Info,10,12,empty_vs_na,,NA
19 - Peel DSB.xlsx,Basic Project Info,11,3,empty_vs_na,,NA
19 - Peel DSB.xlsx,Basic Project Info,11,11,empty_vs_na,,NA
19 - Peel DSB.xlsx,Basic Project Info,11,12,empty_vs_na,,NA
19 - Peel DSB.xlsx,Basic Project Info,12,3,empty_vs_na,,NA
19 - Peel DSB.xlsx,Basic Project Info,12,6,empty_vs_na,,NA
19 - Peel DSB.xlsx,Basic Project Info,12,9,empty_vs_na,,NA
19 - Peel DSB.xlsx,Basic Project Info,12,10,empty_vs_na,,NA
19 - Peel DSB.xlsx,Basic Project Info,12,11,empty_vs_na,,NA
19 - Peel DSB.xlsx,Basic Project Info,12,12,empty_vs_na,,NA
19 - Peel DSB.xlsx,Basic Project Info,13,3,empty_vs_na,,NA
19 - Peel DSB.xlsx,Basic Project Info,13,9,empty_vs_na,,NA
19 - Peel DSB.xlsx,Basic Project Info,13,10,empty_vs_na,,NA
19 - Peel DSB.xlsx,Basic Project Info,13,11,empty_vs_na,,NA
19 - Peel DSB.xlsx,Basic Project Info,13,12,empty_vs_na,,NA
19 - Peel DSB.xlsx,Basic Project Info,14,3,empty_vs_na,,NA
19 - Peel DSB.xlsx,Basic Project Info,14,9,empty_vs_na,,NA
19 - Peel DSB.xlsx,Basic Project Info,14,10,empty_vs_na,,NA
19 - Peel DSB.xlsx,Basic Project Info,14,11,empty_vs_na,,NA
19 - Peel DSB.xlsx,Basic Project Info,14,12,empty_vs_na,,NA
19 - Peel DSB.xlsx,Basic Project Info,15,3,empty_vs_na,,NA
19 - Peel DSB.xlsx,Basic Project Info,15,9,empty_vs_na,,NA
19 - Peel DSB.xlsx,Basic Project Info,15,10,empty_vs_na,,NA
19 - Peel DSB.xlsx,Basic Project Info,15,11,empty_vs_na,,NA
19 - Peel DSB.xlsx,Basic Project Info,15,12,empty_vs_na,,NA
19 - Peel DSB.xlsx,Basic Project Info,16,3,empty_vs_na,,NA
19 - Peel DSB.xlsx,Basic Project Info,16,11,empty_vs_na,,NA
19 - Peel DSB.xlsx,Basic Project Info,16,12,empty_vs_na,,NA
19 - Peel DSB.xlsx,Monthly Update,4,50,empty_vs_na,,NA
19 - Peel DSB.xlsx,Monthly Update,4,51,empty_vs_na,,NA
19 - Peel DSB.xlsx,Monthly Update,4,52,empty_vs_na,,NA
19 - Peel DSB.xlsx,Monthly Update,4,53,empty_vs_na,,NA
19 - Peel DSB.xlsx,Monthly Update,4,54,empty_vs_na,,NA
19 - Peel DSB.xlsx,Monthly Update,4,55,empty_vs_na,,NA
19 - Peel DSB.xlsx,Monthly Update,4,56,empty_vs_na,,NA
19 - Peel DSB.xlsx,Monthly Update,4,57,empty_vs_na,,NA
19 - Peel DSB.xlsx,Monthly Update,4,58,empty_vs_na,,NA
19 - Peel DSB.xlsx,Monthly Update,4,59,empty_vs_na,,NA
19 - Peel DSB.xlsx,Monthly Update,4,60,empty_vs_na,,NA
2 - Algoma DSB.xlsx,Basic Project Info,7,3,empty_vs_na,,NA
2 - Algoma DSB.xlsx,Basic Project Info,7,11,empty_vs_na,,NA
2 - Algoma DSB.xlsx,Basic Project Info,7,12,empty_vs_na,,NA
2 - Algoma DSB.xlsx,Basic Project Info,8,3,empty_vs_na,,NA
2 - Algoma DSB.xlsx,Basic Project Info,8,11,empty_vs_na,,NA
2 - Algoma DSB.xlsx,Basic Project Info,8,12,empty_vs_na,,NA
2 - Algoma DSB.xlsx,Basic Project Info,9,3,empty_vs_na,,NA
2 - Algoma DSB.xlsx,Basic Project Info,9,11,empty_vs_na,,NA
2 - Algoma DSB.xlsx,Basic Project Info,9,12,empty_vs_na,,NA
2 - Algoma DSB.xlsx,Board Contacts,5,1,empty_vs_na,,NA
2 - Algoma DSB.xlsx,Board Contacts,5,2,empty_vs_na,,NA
2 - Algoma DSB.xlsx,Board Contacts,5,3,empty_vs_na,,NA
2 - Algoma DSB.xlsx,Board Contacts,5,4,empty_vs_na,,NA
2 - Algoma DSB.xlsx,Board Contacts,5,5,empty_vs_na,,NA
2 - Algoma DSB.xlsx,Errors,10,1,empty_vs_na,NA,
2 - Algoma DSB.xlsx,Errors,10,2,empty_vs_na,NA,
2 - Algoma DSB.xlsx,Errors,10,3,empty_vs_na,NA,
2 - Algoma DSB.xlsx,Errors,10,4,empty_vs_na,NA,
2 - Algoma DSB.xlsx,Errors,10,5,empty_vs_na,NA,
2 - Algoma DSB.xlsx,Errors,10,6,empty_vs_na,NA,
2 - Algoma DSB.xlsx,Errors,10,7,empty_vs_na,NA,
2 - Algoma DSB.xlsx,Errors,10,8,empty_vs_na,NA,
2 - Algoma DSB.xlsx,Errors,10,9,empty_vs_na,NA,
2 - Algoma DSB.xlsx,Errors,10,10,empty_vs_na,NA,
2 - Algoma DSB.xlsx,Errors,10,11,empty_vs_na,NA,
2 - Algoma DSB.xlsx,Errors,10,12,empty_vs_na,NA,
2 - Algoma DSB.xlsx,Errors,10,13,empty_vs_na,NA,
2 - Algoma DSB.xlsx,Errors,10,14,empty_vs_na,NA,
2 - Algoma DSB.xlsx,Errors,10,15,empty_vs_na,NA,
2 - Algoma DSB.xlsx,Errors,10,16,empty_vs_na,NA,
2 - Algoma DSB.xlsx,Errors,10,17,empty_vs_na,NA,
2 - Algoma DSB.xlsx,Errors,10,18,empty_vs_na,NA,
2 - Algoma DSB.xlsx,Errors,10,19,empty_vs_na,NA,
2 - Algoma DSB.xlsx,Errors,10,20,empty_vs_na,NA,
2 - Algoma DSB.xlsx,Errors,10,21,empty_vs_na,NA,
2 - Algoma DSB.xlsx,Errors,10,22,empty_vs_na,NA,
2 - Algoma DSB.xlsx,Errors,10,23,empty_vs_na,NA,
2 - Algoma DSB.xlsx,Errors,10,24,empty_vs_na,NA,
2 - Algoma DSB.xlsx,Errors,10,25,empty_vs_na,NA,
2 - Algoma DSB.xlsx,Errors,10,26,empty_vs_na,NA,
2 - Algoma DSB.xlsx,Errors,10,27,empty_vs_na,NA,
2 - Algoma DSB.xlsx,Errors,10,28,empty_vs_na,NA,
2 - Algoma DSB.xlsx,Errors,10,29,empty_vs_na,NA,
2 - Algoma DSB.xlsx,Errors,10,30,empty_vs_na,NA,
2 - Algoma DSB.xlsx,Errors,10,31,empty_vs_na,NA,
2 - Algoma DSB.xlsx,Errors,10,32,empty_vs_na,NA,
2 - Algoma DSB.xlsx,Errors,10,33,empty_vs_na,NA,
2 - Algoma DSB.xlsx,Errors,10,34,empty_vs_na,NA,
2 - Algoma DSB.xlsx,Errors,10,35,empty_vs_na,NA,
2 - Algoma DSB.xlsx,Errors,10,36,empty_vs_na,NA,
20 - Halton DSB.xlsx,Basic Project Info,7,3,empty_vs_na,,NA
20 - Halton DSB.xlsx,Basic Project Info,7,11,empty_vs_na,,NA
20 - Halton DSB.xlsx,Basic Project Info,7,12,empty_vs_na,,NA
20 - Halton DSB.xlsx,Basic Project Info,8,8,empty_vs_na,,NA
20 - Halton DSB.xlsx,Basic Project Info,8,11,empty_vs_na,,NA
20 - Halton DSB.xlsx,Basic Project Info,8,12,empty_vs_na,,NA
20 - Halton DSB.xlsx,Basic Project Info,9,8,empty_vs_na,,NA
20 - Halton DSB.xlsx,Basic Project Info,9,11,empty_vs_na,,NA
20 - Halton DSB.xlsx,Basic Project Info,9,12,empty_vs_na,,NA
20 - Halton DSB.xlsx,Basic Project Info,10,3,empty_vs_na,,NA
20 - Halton DSB.xlsx,Basic Project Info,10,8,empty_vs_na,,NA
20 - Halton DSB.xlsx,Basic Project Info,10,11,empty_vs_na,,NA
20 - Halton DSB.xlsx,Basic Project Info,10,12,empty_vs_na,,NA
20 - Halton DSB.xlsx,Basic Project Info,11,3,empty_vs_na,,NA
20 - Halton DSB.xlsx,Basic Project Info,11,11,empty_vs_na,,NA
20 - Halton DSB.xlsx,Basic Project Info,11,12,empty_vs_na,,NA
20 - Halton DSB.xlsx,Basic Project Info,12,3,empty_vs_na,,NA
20 - Halton DSB.xlsx,Basic Project Info,12,11,empty_vs_na,,NA
20 - Halton DSB.xlsx,Basic Project Info,12,12,empty_vs_na,,NA
20 - Halton DSB.xlsx,Monthly Update,4,50,empty_vs_na,,NA
20 - Halton DSB.xlsx,Monthly Update,4,51,empty_vs_na,,NA
20 - Halton DSB.xlsx,Monthly Update,4,52,empty_vs_na,,NA
20 - Halton DSB.xlsx,Monthly Update,4,53,empty_vs_na,,NA
20 - Halton DSB.xlsx,Monthly Update,4,54,empty_vs_na,,NA
20 - Halton DSB.xlsx,Monthly Update,4,55,empty_vs_na,,NA
20 - Halton DSB.xlsx,Monthly Update,4,56,empty_vs_na,,NA
20 - Halton DSB.xlsx,Monthly Update,4,57,empty_vs_na,,NA
20 - Halton DSB.xlsx,Monthly Update,4,58,empty_vs_na,,NA
20 - Halton DSB.xlsx,Monthly Update,4,59,empty_vs_na,,NA
20 - Halton DSB.xlsx,Monthly Update,4,60,empty_vs_na,,NA
20 - Halton DSB.xlsx,Monthly Update,4,61,empty_vs_na,,NA
20 - Halton DSB.xlsx,Monthly Update,4,62,empty_vs_na,,NA
20 - Halton DSB.xlsx,Monthly Update,4,63,empty_vs_na,,NA
20 - Halton DSB.xlsx,Monthly Update,4,64,empty_vs_na,,NA
20 - Halton DSB.xlsx,Monthly Update,4,65,empty_vs_na,,NA
20 - Halton DSB.xlsx,Monthly Update,4,66,empty_vs_na,,NA
20 - Halton DSB.xlsx,Monthly Update,4,67,empty_vs_na,,NA
20 - Halton DSB.xlsx,Monthly Update,4,68,empty_vs_na,,NA
20 - Halton DSB.xlsx,Monthly Update,4,69,empty_vs_na,,NA
20 - Halton DSB.xlsx,Monthly Update,4,70,empty_vs_na,,NA
20 - Halton DSB.xlsx,Monthly Update,4,71,empty_vs_na,,NA
20 - Halton DSB.xlsx,Monthly Update,4,72,empty_vs_na,,NA
20 - Halton DSB.xlsx,Monthly Update,4,73,empty_vs_na,,NA
20 - Halton DSB.xlsx,Monthly Update,7,62,empty_vs_na,,NA
20 - Halton DSB.xlsx,Monthly Update,7,63,empty_vs_na,,NA
20 - Halton DSB.xlsx,Monthly Update,7,64,empty_vs_na,,NA
20 - Halton DSB.xlsx,Monthly Update,7,65,empty_vs_na,,NA
20 - Halton DSB.xlsx,Monthly Update,7,66,empty_vs_na,,NA
20 - Halton DSB.xlsx,Monthly Update,7,67,empty_vs_na,,NA
20 - Halton DSB.xlsx,Monthly Update,7,68,empty_vs_na,,NA
21 - Hamilton-Wentworth DSB.xlsx,Basic Project Info,7,3,empty_vs_na,,NA
21 - Hamilton-Wentworth DSB.xlsx,Basic Project Info,7,6,empty_vs_na,,NA
21 - Hamilton-Wentworth DSB.xlsx,Basic Project Info,7,8,empty_vs_na,,NA
21 - Hamilton-Wentworth DSB.xlsx,Basic Project Info,7,9,empty_vs_na,,NA
21 - Hamilton-Wentworth DSB.xlsx,Basic Project Info,7,10,empty_vs_na,,NA
21 - Hamilton-Wentworth DSB.xlsx,Basic Project Info,7,11,empty_vs_na,,NA
21 - Hamilton-Wentworth DSB.xlsx,Basic Project Info,7,12,empty_vs_na,,NA
21 - Hamilton-Wentworth DSB.xlsx,Basic Project Info,8,3,empty_vs_na,,NA
21 - Hamilton-Wentworth DSB.xlsx,Basic Project Info,8,8,empty_vs_na,,NA
21 - Hamilton-Wentworth DSB.xlsx,Basic Project Info,8,11,empty_vs_na,,NA
21 - Hamilton-Wentworth DSB.xlsx,Basic Project Info,8,12,empty_vs_na,,NA
21 - Hamilton-Wentworth DSB.xlsx,Basic Project Info,9,3,empty_vs_na,,NA
21 - Hamilton-Wentworth DSB.xlsx,Basic Project Info,9,11,empty_vs_na,,NA
21 - Hamilton-Wentworth DSB.xlsx,Basic Project Info,9,12,empty_vs_na,,NA
21 - Hamilton-Wentworth DSB.xlsx,Basic Project Info,10,3,empty_vs_na,,NA
21 - Hamilton-Wentworth DSB.xlsx,Basic Project Info,10,9,empty_vs_na,,NA
21 - Hamilton-Wentworth DSB.xlsx,Basic Project Info,10,10,empty_vs_na,,NA
21 - Hamilton-Wentworth DSB.xlsx,Basic Project Info,10,11,empty_vs_na,,NA
21 - Hamilton-Wentworth DSB.xlsx,Basic Project Info,10,12,empty_vs_na,,NA
21 - Hamilton-Wentworth DSB.xlsx,Basic Project Info,11,3,empty_vs_na,,NA
21 - Hamilton-Wentworth DSB.xlsx,Basic Project Info,11,11,empty_vs_na,,NA
21 - Hamilton-Wentworth DSB.xlsx,Basic Project Info,11,12,empty_vs_na,,NA
21 - Hamilton-Wentworth DSB.xlsx,Basic Project Info,12,3,empty_vs_na,,NA
21 - Hamilton-Wentworth DSB.xlsx,Basic Project Info,12,11,empty_vs_na,,NA
21 - Hamilton-Wentworth DSB.xlsx,Basic Project Info,12,12,empty_vs_na,,NA
21 - Hamilton-Wentworth DSB.xlsx,Basic Project Info,13,3,empty_vs_na,,NA
21 - Hamilton-Wentworth DSB.xlsx,Basic Project Info,13,11,empty_vs_na,,NA
21 - Hamilton-Wentworth DSB.xlsx,Basic Project Info,13,12,empty_vs_na,,NA
21 - Hamilton-Wentworth DSB.xlsx,Monthly Update,4,50,empty_vs_na,,NA
21 - Hamilton-Wentworth DSB.xlsx,Monthly Update,4,53,empty_vs_na,,NA
21 - Hamilton-Wentworth DSB.xlsx,Monthly Update,4,55,empty_vs_na,,NA
21 - Hamilton-Wentworth DSB.xlsx,Monthly Update,4,56,empty_vs_na,,NA
21 - Hamilton-Wentworth DSB.xlsx,Monthly Update,4,57,empty_vs_na,,NA
21 - Hamilton-Wentworth DSB.xlsx,Monthly Update,4,58,empty_vs_na,,NA
21 - Hamilton-Wentworth DSB.xlsx,Monthly Update,4,59,empty_vs_na,,NA
21 - Hamilton-Wentworth DSB.xlsx,Monthly Update,4,60,empty_vs_na,,NA
21 - Hamilton-Wentworth DSB.xlsx,Monthly Update,4,61,empty_vs_na,,NA
21 - Hamilton-Wentworth DSB.xlsx,Monthly Update,4,62,empty_vs_na,,NA
21 - Hamilton-Wentworth DSB.xlsx,Monthly Update,4,63,empty_vs_na,,NA
21 - Hamilton-Wentworth DSB.xlsx,Monthly Update,4,64,empty_vs_na,,NA
21 - Hamilton-Wentworth DSB.xlsx,Monthly Update,4,65,empty_vs_na,,NA
21 - Hamilton-Wentworth DSB.xlsx,Monthly Update,4,66,empty_vs_na,,NA
21 - Hamilton-Wentworth DSB.xlsx,Monthly Update,4,67,empty_vs_na,,NA
21 - Hamilton-Wentworth DSB.xlsx,Monthly Update,4,68,empty_vs_na,,NA
21 - Hamilton-Wentworth DSB.xlsx,Monthly Update,4,69,empty_vs_na,,NA
21 - Hamilton-Wentworth DSB.xlsx,Monthly Update,4,70,empty_vs_na,,NA
21 - Hamilton-Wentworth DSB.xlsx,Monthly Update,4,71,empty_vs_na,,NA
21 - Hamilton-Wentworth DSB.xlsx,Monthly Update,4,72,empty_vs_na,,NA
21 - Hamilton-Wentworth DSB.xlsx,Monthly Update,4,73,empty_vs_na,,NA
21 - Hamilton-Wentworth DSB.xlsx,Monthly Update,7,66,empty_vs_na,,NA
22 - DSB of Niagara.xlsx,Basic Project Info,7,3,empty_vs_na,,NA
22 - DSB of Niagara.xlsx,Basic Project Info,7,12,empty_vs_na,,NA
22 - DSB of Niagara.xlsx,Basic Project Info,8,3,empty_vs_na,,NA
22 - DSB of Niagara.xlsx,Basic Project Info,8,12,empty_vs_na,,NA
22 - DSB of Niagara.xlsx,Basic Project Info,9,3,empty_vs_na,,NA
22 - DSB of Niagara.xlsx,Basic Project Info,9,12,empty_vs_na,,NA
22 - DSB of Niagara.xlsx,Basic Project Info,10,8,empty_vs_na,,NA
22 - DSB of Niagara.xlsx,Basic Project Info,10,12,empty_vs_na,,NA
22 - DSB of Niagara.xlsx,Basic Project Info,11,3,empty_vs_na,,NA
22 - DSB of Niagara.xlsx,Basic Project Info,11,12,empty_vs_na,,NA
22 - DSB of Niagara.xlsx,Basic Project Info,12,12,empty_vs_na,,NA
22 - DSB of Niagara.xlsx,Basic Project Info,13,9,empty_vs_na,,NA
22 - DSB of Niagara.xlsx,Basic Project Info,13,10,empty_vs_na,,NA
22 - DSB of Niagara.xlsx,Basic Project Info,13,12,empty_vs_na,,NA
22 - DSB of Niagara.xlsx,Basic Project Info,14,9,empty_vs_na,,NA
22 - DSB of Niagara.xlsx,Basic Project Info,14,10,empty_vs_na,,NA
22 - DSB of Niagara.xlsx,Basic Project Info,14,12,empty_vs_na,,NA
22 - DSB of Niagara.xlsx,Basic Project Info,15,9,empty_vs_na,,NA
22 - DSB of Niagara.xlsx,Basic Project Info,15,10,empty_vs_na,,NA
22 - DSB of Niagara.xlsx,Basic Project Info,15,12,empty_vs_na,,NA
22 - DSB of Niagara.xlsx,Basic Project Info,16,3,empty_vs_na,,NA
22 - DSB of Niagara.xlsx,Basic Project Info,16,12,empty_vs_na,,NA
22 - DSB of Niagara.xlsx,Basic Project Info,17,3,empty_vs_na,,NA
22 - DSB of Niagara.xlsx,Basic Project Info,17,12,empty_vs_na,,NA
22 - DSB of Niagara.xlsx,Basic Project Info,18,3,empty_vs_na,,NA
22 - DSB of Niagara.xlsx,Basic Project Info,18,6,empty_vs_na,,NA
22 - DSB of Niagara.xlsx,Basic Project Info,18,12,empty_vs_na,,NA
22 - DSB of Niagara.xlsx,Basic Project Info,19,3,empty_vs_na,,NA
22 - DSB of Niagara.xlsx,Basic Project Info,19,12,empty_vs_na,,NA
22 - DSB of Niagara.xlsx,Monthly Update,4,50,empty_vs_na,,NA
22 - DSB of Niagara.xlsx,Monthly Update,4,51,empty_vs_na,,NA
22 - DSB of Niagara.xlsx,Monthly Update,4,52,empty_vs_na,,NA
22 - DSB of Niagara.xlsx,Monthly Update,4,53,empty_vs_na,,NA
22 - DSB of Niagara.xlsx,Monthly Update,4,54,empty_vs_na,,NA
22 - DSB of Niagara.xlsx,Monthly Update,4,55,empty_vs_na,,NA
22 - DSB of Niagara.xlsx,Monthly Update,4,56,empty_vs_na,,NA
22 - DSB of Niagara.xlsx,Monthly Update,4,57,empty_vs_na,,NA
22 - DSB of Niagara.xlsx,Monthly Update,4,58,empty_vs_na,,NA
22 - DSB of Niagara.xlsx,Monthly Update,4,59,empty_vs_na,,NA
22 - DSB of Niagara.xlsx,Monthly Update,4,60,empty_vs_na,,NA
22 - DSB of Niagara.xlsx,Monthly Update,4,61,empty_vs_na,,NA
22 - DSB of Niagara.xlsx,Monthly Update,4,62,empty_vs_na,,NA
22 - DSB of Niagara.xlsx,Monthly Update,4,63,empty_vs_na,,NA
22 - DSB of Niagara.xlsx,Monthly Update,4,64,empty_vs_na,,NA
22 - DSB of Niagara.xlsx,Monthly Update,4,65,empty_vs_na,,NA
22 - DSB of Niagara.xlsx,Monthly Update,4,66,empty_vs_na,,NA
22 - DSB of Niagara.xlsx,Monthly Update,4,67,empty_vs_na,,NA
22 - DSB of Niagara.xlsx,Monthly Update,4,68,empty_vs_na,,NA
22 - DSB of Niagara.xlsx,Monthly Update,4,69,empty_vs_na,,NA
22 - DSB of Niagara.xlsx,Monthly Update,4,70,empty_vs_na,,NA
23 - Grand Erie DSB.xlsx,Basic Project Info,7,12,empty_vs_na,,NA
23 - Grand Erie DSB.xlsx,Basic Project Info,9,12,empty_vs_na,,NA
23 - Grand Erie DSB.xlsx,Basic Project Info,10,8,empty_vs_na,,NA
23 - Grand Erie DSB.xlsx,Basic Project Info,11,3,empty_vs_na,,NA
23 - Grand Erie DSB.xlsx,Basic Project Info,11,9,empty_vs_na,,NA
23 - Grand Erie DSB.xlsx,Basic Project Info,11,10,empty_vs_na,,NA
23 - Grand Erie DSB.xlsx,Basic Project Info,11,12,empty_vs_na,,NA
23 - Grand Erie DSB.xlsx,Basic Project Info,12,3,empty_vs_na,,NA
23 - Grand Erie DSB.xlsx,Basic Project Info,12,9,empty_vs_na,,NA
23 - Grand Erie DSB.xlsx,Basic Project Info,12,10,empty_vs_na,,NA
23 - Grand Erie DSB.xlsx,Basic Project Info,12,11,empty_vs_na,,NA
23 - Grand Erie DSB.xlsx,Basic Project Info,12,12,empty_vs_na,,NA
23 - Grand Erie DSB.xlsx,Board Contacts,5,1,empty_vs_na,,NA
23 - Grand Erie DSB.xlsx,Board Contacts,5,2,empty_vs_na,,NA
23 - Grand Erie DSB.xlsx,Board Contacts,5,3,empty_vs_na,,NA
23 - Grand Erie DSB.xlsx,Board Contacts,5,4,empty_vs_na,,NA
23 - Grand Erie DSB.xlsx,Board Contacts,5,5,empty_vs_na,,NA
23 - Grand Erie DSB.xlsx,Board Contacts,6,3,empty_vs_na,,NA
23 - Grand Erie DSB.xlsx,Board Contacts,6,5,empty_vs_na,,NA
23 - Grand Erie DSB.xlsx,Monthly Update,4,51,empty_vs_na,,NA
23 - Grand Erie DSB.xlsx,Monthly Update,4,52,empty_vs_na,,NA
23 - Grand Erie DSB.xlsx,Monthly Update,4,53,empty_vs_na,,NA
23 - Grand Erie DSB.xlsx,Monthly Update,4,54,empty_vs_na,,NA
23 - Grand Erie DSB.xlsx,Monthly Update,4,55,empty_vs_na,,NA
23 - Grand Erie DSB.xlsx,Monthly Update,4,56,empty_vs_na,,NA
23 - Grand Erie DSB.xlsx,Monthly Update,4,57,empty_vs_na,,NA
23 - Grand Erie DSB.xlsx,Monthly Update,4,58,empty_vs_na,,NA
23 - Grand Erie DSB.xlsx,Monthly Update,4,59,empty_vs_na,,NA
23 - Grand Erie DSB.xlsx,Monthly Update,4,60,empty_vs_na,,NA
23 - Grand Erie DSB.xlsx,Monthly Update,4,61,empty_vs_na,,NA
23 - Grand Erie DSB.xlsx,Monthly Update,4,62,empty_vs_na,,NA
23 - Grand Erie DSB.xlsx,Monthly Update,4,63,empty_vs_na,,NA
23 - Grand Erie DSB.xlsx,Monthly Update,4,64,empty_vs_na,,NA
23 - Grand Erie DSB.xlsx,Monthly Update,4,65,empty_vs_na,,NA
23 - Grand Erie DSB.xlsx,Monthly Update,4,66,empty_vs_na,,NA
23 - Grand Erie DSB.xlsx,Monthly Update,4,67,empty_vs_na,,NA
23 - Grand Erie DSB.xlsx,Monthly Update,4,68,empty_vs_na,,NA
23 - Grand Erie DSB.xlsx,Monthly Update,4,69,empty_vs_na,,NA
23 - Grand Erie DSB.xlsx,Monthly Update,4,70,empty_vs_na,,NA
23 - Grand Erie DSB.xlsx,Monthly Update,4,71,empty_vs_na,,NA
23 - Grand Erie DSB.xlsx,Monthly Update,4,72,empty_vs_na,,NA
23 - Grand Erie DSB.xlsx,Monthly Update,4,73,empty_vs_na,,NA
23 - Grand Erie DSB.xlsx,Monthly Update,7,69,empty_vs_na,,NA
23 - Grand Erie DSB.xlsx,Monthly Update,7,70,empty_vs_na,,NA
23 - Grand Erie DSB.xlsx,Monthly Update,7,71,empty_vs_na,,NA
23 - Grand Erie DSB.xlsx,Monthly Update,7,72,empty_vs_na,,NA
23 - Grand Erie DSB.xlsx,Monthly Update,7,73,empty_vs_na,,NA
23 - Grand Erie DSB.xlsx,Monthly Update,10,8,empty_vs_na,,NA
23 - Grand Erie DSB.xlsx,Monthly Update,10,17,empty_vs_na,,NA
23 - Grand Erie DSB.xlsx,Monthly Update,10,18,empty_vs_na,,NA
24 - Waterloo Region DSB.xlsx,Basic Project Info,7,3,empty_vs_na,,NA
24 - Waterloo Region DSB.xlsx,Basic Project Info,7,8,empty_vs_na,,NA
24 - Waterloo Region DSB.xlsx,Basic Project Info,7,11,empty_vs_na,,NA
24 - Waterloo Region DSB.xlsx,Basic Project Info,7,12,empty_vs_na,,NA
24 - Waterloo Region DSB.xlsx,Basic Project Info,8,3,empty_vs_na,,NA
24 - Waterloo Region DSB.xlsx,Basic Project Info,8,8,empty_vs_na,,NA
24 - Waterloo Region DSB.xlsx,Basic Project Info,8,11,empty_vs_na,,NA
24 - Waterloo Region DSB.xlsx,Basic Project Info,8,12,empty_vs_na,,NA
24 - Waterloo Region DSB.xlsx,Basic Project Info,9,3,empty_vs_na,,NA
24 - Waterloo Region DSB.xlsx,Basic Project Info,9,11,empty_vs_na,,NA
24 - Waterloo Region DSB.xlsx,Basic Project Info,9,12,empty_vs_na,,NA
24 - Waterloo Region DSB.xlsx,Basic Project Info,10,3,empty_vs_na,,NA
24 - Waterloo Region DSB.xlsx,Basic Project Info,10,8,empty_vs_na,,NA
24 - Waterloo Region DSB.xlsx,Basic Project Info,10,11,empty_vs_na,,NA
24 - Waterloo Region DSB.xlsx,Basic Project Info,10,12,empty_vs_na,,NA
24 - Waterloo Region DSB.xlsx,Basic Project Info,11,3,empty_vs_na,,NA
24 - Waterloo Region DSB.xlsx,Basic Project Info,11,11,empty_vs_na,,NA
24 - Waterloo Region DSB.xlsx,Basic Project Info,11,12,empty_vs_na,,NA
24 - Waterloo Region DSB.xlsx,Monthly Update,4,50,empty_vs_na,,NA
24 - Waterloo Region DSB.xlsx,Monthly Update,4,51,empty_vs_na,,NA
24 - Waterloo Region DSB.xlsx,Monthly Update,4,53,empty_vs_na,,NA
24 - Waterloo Region DSB.xlsx,Monthly Update,4,55,empty_vs_na,,NA
24 - Waterloo Region DSB.xlsx,Monthly Update,4,56,empty_vs_na,,NA
24 - Waterloo Region DSB.xlsx,Monthly Update,4,57,empty_vs_na,,NA
24 - Waterloo Region DSB.xlsx,Monthly Update,4,58,empty_vs_na,,NA
24 - Waterloo Region DSB.xlsx,Monthly Update,4,59,empty_vs_na,,NA
24 - Waterloo Region DSB.xlsx,Monthly Update,4,61,empty_vs_na,,NA
24 - Waterloo Region DSB.xlsx,Monthly Update,4,62,empty_vs_na,,NA
24 - Waterloo Region DSB.xlsx,Monthly Update,4,63,empty_vs_na,,NA
24 - Waterloo Region DSB.xlsx,Monthly Update,4,64,empty_vs_na,,NA
24 - Waterloo Region DSB.xlsx,Monthly Update,4,65,empty_vs_na,,NA
24 - Waterloo Region DSB.xlsx,Monthly Update,4,66,empty_vs_na,,NA
24 - Waterloo Region DSB.xlsx,Monthly Update,4,67,empty_vs_na,,NA
24 - Waterloo Region DSB.xlsx,Monthly Update,4,68,empty_vs_na,,NA
24 - Waterloo Region DSB.xlsx,Monthly Update,4,69,empty_vs_na,,NA
24 - Waterloo Region DSB.xlsx,Monthly Update,4,70,empty_vs_na,,NA
24 - Waterloo Region DSB.xlsx,Monthly Update,4,71,empty_vs_na,,NA
24 - Waterloo Region DSB.xlsx,Monthly Update,4,72,empty_vs_na,,NA
24 - Waterloo Region DSB.xlsx,Monthly Update,4,73,empty_vs_na,,NA
24 - Waterloo Region DSB.xlsx,Monthly Update,7,70,empty_vs_na,,NA
24 - Waterloo Region DSB.xlsx,Monthly Update,7,71,empty_vs_na,,NA
24 - Waterloo Region DSB.xlsx,Monthly Update,7,72,empty_vs_na,,NA
24 - Waterloo Region DSB.xlsx,Monthly Update,7,73,empty_vs_na,,NA
24 - Waterloo Region DSB.xlsx,Monthly Update,10,8,empty_vs_na,,NA
24 - Waterloo Region DSB.xlsx,Monthly Update,10,12,empty_vs_na,,NA
24 - Waterloo Region DSB.xlsx,Monthly Update,10,18,empty_vs_na,,NA
24 - Waterloo Region DSB.xlsx,Monthly Update,10,22,empty_vs_na,,NA
24 - Waterloo Region DSB.xlsx,Monthly Update,10,23,empty_vs_na,,NA
24 - Waterloo Region DSB.xlsx,Monthly Update,10,25,empty_vs_na,,NA
24 - Waterloo Region DSB.xlsx,Monthly Update,10,26,empty_vs_na,,NA
25 - Ottawa-Carleton DSB.xlsx,Basic Project Info,7,3,empty_vs_na,,NA
25 - Ottawa-Carleton DSB.xlsx,Basic Project Info,7,11,empty_vs_na,,NA
25 - Ottawa-Carleton DSB.xlsx,Basic Project Info,7,12,empty_vs_na,,NA
25 - Ottawa-Carleton DSB.xlsx,Basic Project Info,8,3,empty_vs_na,,NA
25 - Ottawa-Carleton DSB.xlsx,Basic Project Info,8,11,empty_vs_na,,NA
25 - Ottawa-Carleton DSB.xlsx,Basic Project Info,8,12,empty_vs_na,,NA
25 - Ottawa-Carleton DSB.xlsx,Basic Project Info,9,3,empty_vs_na,,NA
25 - Ottawa-Carleton DSB.xlsx,Basic Project Info,9,11,empty_vs_na,,NA
25 - Ottawa-Carleton DSB.xlsx,Basic Project Info,9,12,empty_vs_na,,NA
25 - Ottawa-Carleton DSB.xlsx,Basic Project Info,10,3,empty_vs_na,,NA
25 - Ottawa-Carleton DSB.xlsx,Basic Project Info,10,11,empty_vs_na,,NA
25 - Ottawa-Carleton DSB.xlsx,Basic Project Info,10,12,empty_vs_na,,NA
25 - Ottawa-Carleton DSB.xlsx,Basic Project Info,11,3,empty_vs_na,,NA
25 - Ottawa-Carleton DSB.xlsx,Basic Project Info,11,6,empty_vs_na,,NA
25 - Ottawa-Carleton DSB.xlsx,Basic Project Info,11,9,empty_vs_na,,NA
25 - Ottawa-Carleton DSB.xlsx,Basic Project Info,11,10,empty_vs_na,,NA
25 - Ottawa-Carleton DSB.xlsx,Basic Project Info,11,11,empty_vs_na,,NA
25 - Ottawa-Carleton DSB.xlsx,Basic Project Info,11,12,empty_vs_na,,NA
25 - Ottawa-Carleton DSB.xlsx,Basic Project Info,12,3,empty_vs_na,,NA
25 - Ottawa-Carleton DSB.xlsx,Basic Project Info,12,11,empty_vs_na,,NA
25 - Ottawa-Carleton DSB.xlsx,Basic Project Info,12,12,empty_vs_na,,NA
25 - Ottawa-Carleton DSB.xlsx,Basic Project Info,13,3,empty_vs_na,,NA
25 - Ottawa-Carleton DSB.xlsx,Basic Project Info,13,11,empty_vs_na,,NA
25 - Ottawa-Carleton DSB.xlsx,Basic Project Info,13,12,empty_vs_na,,NA
25 - Ottawa-Carleton DSB.xlsx,Basic Project Info,14,3,empty_vs_na,,NA
25 - Ottawa-Carleton DSB.xlsx,Basic Project Info,14,9,empty_vs_na,,NA
25 - Ottawa-Carleton DSB.xlsx,Basic Project Info,14,10,empty_vs_na,,NA
25 - Ottawa-Carleton DSB.xlsx,Basic Project Info,14,11,empty_vs_na,,NA
25 - Ottawa-Carleton DSB.xlsx,Basic Project Info,14,12,empty_vs_na,,NA
25 - Ottawa-Carleton DSB.xlsx,Basic Project Info,15,3,empty_vs_na,,NA
25 - Ottawa-Carleton DSB.xlsx,Basic Project Info,15,11,empty_vs_na,,NA
25 - Ottawa-Carleton DSB.xlsx,Basic Project Info,15,12,empty_vs_na,,NA
25 - Ottawa-Carleton DSB.xlsx,Board Contacts,7,5,empty_vs_na,,NA
25 - Ottawa-Carleton DSB.xlsx,Monthly Update,4,56,empty_vs_na,,NA
25 - Ottawa-Carleton DSB.xlsx,Monthly Update,4,57,empty_vs_na,,NA
25 - Ottawa-Carleton DSB.xlsx,Monthly Update,4,58,empty_vs_na,,NA
25 - Ottawa-Carleton DSB.xlsx,Monthly Update,4,59,empty_vs_na,,NA
25 - Ottawa-Carleton DSB.xlsx,Monthly Update,4,60,empty_vs_na,,NA
25 - Ottawa-Carleton DSB.xlsx,Monthly Update,4,61,empty_vs_na,,NA
25 - Ottawa-Carleton DSB.xlsx,Monthly Update,4,62,empty_vs_na,,NA
25 - Ottawa-Carleton DSB.xlsx,Monthly Update,4,63,empty_vs_na,,NA
25 - Ottawa-Carleton DSB.xlsx,Monthly Update,4,64,empty_vs_na,,NA
25 - Ottawa-Carleton DSB.xlsx,Monthly Update,4,65,empty_vs_na,,NA
25 - Ottawa-Carleton DSB.xlsx,Monthly Update,4,66,empty_vs_na,,NA
25 - Ottawa-Carleton DSB.xlsx,Monthly Update,4,67,empty_vs_na,,NA
25 - Ottawa-Carleton DSB.xlsx,Monthly Update,4,68,empty_vs_na,,NA
25 - Ottawa-Carleton DSB.xlsx,Monthly Update,4,69,empty_vs_na,,NA
25 - Ottawa-Carleton DSB.xlsx,Monthly Update,4,70,empty_vs_na,,NA
25 - Ottawa-Carleton DSB.xlsx,Monthly Update,4,71,empty_vs_na,,NA
25 - Ottawa-Carleton DSB.xlsx,Monthly Update,4,72,empty_vs_na,,NA
26 - Upper Canada DSB.xlsx,Basic Project Info,7,3,empty_vs_na,,NA
26 - Upper Canada DSB.xlsx,Basic Project Info,7,8,empty_vs_na,,NA
26 - Upper Canada DSB.xlsx,Basic Project Info,7,11,empty_vs_na,,NA
26 - Upper Canada DSB.xlsx,Basic Project Info,7,12,empty_vs_na,,NA
26 - Upper Canada DSB.xlsx,Basic Project Info,8,3,empty_vs_na,,NA
26 - Upper Canada DSB.xlsx,Basic Project Info,8,6,empty_vs_na,,NA
26 - Upper Canada DSB.xlsx,Basic Project Info,8,8,empty_vs_na,,NA
26 - Upper Canada DSB.xlsx,Basic Project Info,8,9,empty_vs_na,,NA
26 - Upper Canada DSB.xlsx,Basic Project Info,8,10,empty_vs_na,,NA
26 - Upper Canada DSB.xlsx,Basic Project Info,8,11,empty_vs_na,,NA
26 - Upper Canada DSB.xlsx,Basic Project Info,8,12,empty_vs_na,,NA
26 - Upper Canada DSB.xlsx,Basic Project Info,9,3,empty_vs_na,,NA
26 - Upper Canada DSB.xlsx,Basic Project Info,9,11,empty_vs_na,,NA
26 - Upper Canada DSB.xlsx,Basic Project Info,9,12,empty_vs_na,,NA
26 - Upper Canada DSB.xlsx,Basic Project Info,10,3,empty_vs_na,,NA
26 - Upper Canada DSB.xlsx,Basic Project Info,10,6,empty_vs_na,,NA
26 - Upper Canada DSB.xlsx,Basic Project Info,10,8,empty_vs_na,,NA
26 - Upper Canada DSB.xlsx,Basic Project Info,10,9,empty_vs_na,,NA
26 - Upper Canada DSB.xlsx,Basic Project Info,10,10,empty_vs_na,,NA
26 - Upper Canada DSB.xlsx,Basic Project Info,10,11,empty_vs_na,,NA
26 - Upper Canada DSB.xlsx,Basic Project Info,10,12,empty_vs_na,,NA
26 - Upper Canada DSB.xlsx,Basic Project Info,11,3,empty_vs_na,,NA
26 - Upper Canada DSB.xlsx,Basic Project Info,11,9,empty_vs_na,,NA
26 - Upper Canada DSB.xlsx,Basic Project Info,11,10,empty_vs_na,,NA
26 - Upper Canada DSB.xlsx,Basic Project Info,11,11,empty_vs_na,,NA
26 - Upper Canada DSB.xlsx,Basic Project Info,11,12,empty_vs_na,,NA
26 - Upper Canada DSB.xlsx,Board Contacts,5,1,empty_vs_na,,NA
26 - Upper Canada DSB.xlsx,Board Contacts,5,2,empty_vs_na,,NA
26 - Upper Canada DSB.xlsx,Board Contacts,5,3,empty_vs_na,,NA
26 - Upper Canada DSB.xlsx,Board Contacts,5,4,empty_vs_na,,NA
26 - Upper Canada DSB.xlsx,Board Contacts,5,5,empty_vs_na,,NA
26 - Upper Canada DSB.xlsx,Monthly Update,4,50,empty_vs_na,,NA
26 - Upper Canada DSB.xlsx,Monthly Update,4,51,empty_vs_na,,NA
26 - Upper Canada DSB.xlsx,Monthly Update,4,52,empty_vs_na,,NA
26 - Upper Canada DSB.xlsx,Monthly Update,4,53,empty_vs_na,,NA
26 - Upper Canada DSB.xlsx,Monthly Update,4,55,empty_vs_na,,NA
26 - Upper Canada DSB.xlsx,Monthly Update,4,56,empty_vs_na,,NA
26 - Upper Canada DSB.xlsx,Monthly Update,4,57,empty_vs_na,,NA
26 - Upper Canada DSB.xlsx,Monthly Update,4,58,empty_vs_na,,NA
26 - Upper Canada DSB.xlsx,Monthly Update,4,59,empty_vs_na,,NA
26 - Upper Canada DSB.xlsx,Monthly Update,4,60,empty_vs_na,,NA
26 - Upper Canada DSB.xlsx,Monthly Update,4,61,empty_vs_na,,NA
26 - Upper Canada DSB.xlsx,Monthly Update,4,62,empty_vs_na,,NA
26 - Upper Canada DSB.xlsx,Monthly Update,4,63,empty_vs_na,,NA
26 - Upper Canada DSB.xlsx,Monthly Update,4,64,empty_vs_na,,NA
26 - Upper Canada DSB.xlsx,Monthly Update,4,65,empty_vs_na,,NA
26 - Upper Canada DSB.xlsx,Monthly Update,4,66,empty_vs_na,,NA
26 - Upper Canada DSB.xlsx,Monthly Update,4,67,empty_vs_na,,NA
26 - Upper Canada DSB.xlsx,Monthly Update,4,68,empty_vs_na,,NA
26 - Upper Canada DSB.xlsx,Monthly Update,4,69,empty_vs_na,,NA
27 - Limestone DSB.xlsx,Basic Project Info,7,3,empty_vs_na,,NA
27 - Limestone DSB.xlsx,Basic Project Info,7,6,empty_vs_na,,NA
27 - Limestone DSB.xlsx,Basic Project Info,7,9,empty_vs_na,,NA
27 - Limestone DSB.xlsx,Basic Project Info,7,10,empty_vs_na,,NA
27 - Limestone DSB.xlsx,Basic Project Info,7,11,empty_vs_na,,NA
27 - Limestone DSB.xlsx,Basic Project Info,7,12,empty_vs_na,,NA
27 - Limestone DSB.xlsx,Board Contacts,5,1,empty_vs_na,,NA
27 - Limestone DSB.xlsx,Board Contacts,5,2,empty_vs_na,,NA
27 - Limestone DSB.xlsx,Board Contacts,5,3,empty_vs_na,,NA
27 - Limestone DSB.xlsx,Board Contacts,5,4,empty_vs_na,,NA
27 - Limestone DSB.xlsx,Board Contacts,5,5,empty_vs_na,,NA
27 - Limestone DSB.xlsx,Monthly Update,4,52,empty_vs_na,,NA
27 - Limestone DSB.xlsx,Monthly Update,4,53,empty_vs_na,,NA
27 - Limestone DSB.xlsx,Monthly Update,4,54,empty_vs_na,,NA
27 - Limestone DSB.xlsx,Monthly Update,4,55,empty_vs_na,,NA
27 - Limestone DSB.xlsx,Monthly Update,4,56,empty_vs_na,,NA
27 - Limestone DSB.xlsx,Monthly Update,4,57,empty_vs_na,,NA
27 - Limestone DSB.xlsx,Monthly Update,4,58,empty_vs_na,,NA
27 - Limestone DSB.xlsx,Monthly Update,4,59,empty_vs_na,,NA
27 - Limestone DSB.xlsx,Monthly Update,4,60,empty_vs_na,,NA
27 - Limestone DSB.xlsx,Monthly Update,4,61,empty_vs_na,,NA
27 - Limestone DSB.xlsx,Monthly Update,4,62,empty_vs_na,,NA
27 - Limestone DSB.xlsx,Monthly Update,4,63,empty_vs_na,,NA
27 - Limestone DSB.xlsx,Monthly Update,4,64,empty_vs_na,,NA
27 - Limestone DSB.xlsx,Monthly Update,4,65,empty_vs_na,,NA
27 - Limestone DSB.xlsx,Monthly Update,4,66,empty_vs_na,,NA
27 - Limestone DSB.xlsx,Monthly Update,4,67,empty_vs_na,,NA
27 - Limestone DSB.xlsx,Monthly Update,4,68,empty_vs_na,,NA
27 - Limestone DSB.xlsx,Monthly Update,4,69,empty_vs_na,,NA
27 - Limestone DSB.xlsx,Monthly Update,4,70,empty_vs_na,,NA
27 - Limestone DSB.xlsx,Monthly Update,4,71,empty_vs_na,,NA
27 - Limestone DSB.xlsx,Monthly Update,4,72,empty_vs_na,,NA
27 - Limestone DSB.xlsx,Monthly Update,4,73,empty_vs_na,,NA
27 - Limestone DSB.xlsx,Monthly Update,7,53,empty_vs_na,,NA
27 - Limestone DSB.xlsx,Monthly Update,7,54,empty_vs_na,,NA
27 - Limestone DSB.xlsx,Monthly Update,7,55,empty_vs_na,,NA
27 - Limestone DSB.xlsx,Monthly Update,7,56,empty_vs_na,,NA
27 - Limestone DSB.xlsx,Monthly Update,7,57,empty_vs_na,,NA
27 - Limestone DSB.xlsx,Monthly Update,7,58,empty_vs_na,,NA
27 - Limestone DSB.xlsx,Monthly Update,7,59,empty_vs_na,,NA
27 - Limestone DSB.xlsx,Monthly Update,7,60,empty_vs_na,,NA
27 - Limestone DSB.xlsx,Monthly Update,7,61,empty_vs_na,,NA
27 - Limestone DSB.xlsx,Monthly Update,7,62,empty_vs_na,,NA
27 - Limestone DSB.xlsx,Monthly Update,7,63,empty_vs_na,,NA
27 - Limestone DSB.xlsx,Monthly Update,7,64,empty_vs_na,,NA
27 - Limestone DSB.xlsx,Monthly Update,7,65,empty_vs_na,,NA
27 - Limestone DSB.xlsx,Monthly Update,7,66,empty_vs_na,,NA
27 - Limestone DSB.xlsx,Monthly Update,7,67,empty_vs_na,,NA
27 - Limestone DSB.xlsx,Monthly Update,7,68,empty_vs_na,,NA
27 - Limestone DSB.xlsx,Monthly Update,7,69,empty_vs_na,,NA
29 - Hastings and Prince Edward DSB.xlsx,Basic Project Info,7,3,empty_vs_na,,NA
29 - Hastings and Prince Edward DSB.xlsx,Basic Project Info,7,11,empty_vs_na,,NA
29 - Hastings and Prince Edward DSB.xlsx,Basic Project Info,7,12,empty_vs_na,,NA
29 - Hastings and Prince Edward DSB.xlsx,Board Contacts,5,1,empty_vs_na,,NA
29 - Hastings and Prince Edward DSB.xlsx,Board Contacts,5,2,empty_vs_na,,NA
29 - Hastings and Prince Edward DSB.xlsx,Board Contacts,5,3,empty_vs_na,,NA
29 - Hastings and Prince Edward DSB.xlsx,Board Contacts,5,4,empty_vs_na,,NA
29 - Hastings and Prince Edward DSB.xlsx,Board Contacts,5,5,empty_vs_na,,NA
29 - Hastings and Prince Edward DSB.xlsx,Monthly Update,4,54,empty_vs_na,,NA
29 - Hastings and Prince Edward DSB.xlsx,Monthly Update,4,55,empty_vs_na,,NA
29 - Hastings and Prince Edward DSB.xlsx,Monthly Update,4,56,empty_vs_na,,NA
29 - Hastings and Prince Edward DSB.xlsx,Monthly Update,4,57,empty_vs_na,,NA
29 - Hastings and Prince Edward DSB.xlsx,Monthly Update,4,58,empty_vs_na,,NA
29 - Hastings and Prince Edward DSB.xlsx,Monthly Update,4,59,empty_vs_na,,NA
29 - Hastings and Prince Edward DSB.xlsx,Monthly Update,4,60,empty_vs_na,,NA
29 - Hastings and Prince Edward DSB.xlsx,Monthly Update,4,61,empty_vs_na,,NA
29 - Hastings and Prince Edward DSB.xlsx,Monthly Update,4,62,empty_vs_na,,NA
29 - Hastings and Prince Edward DSB.xlsx,Monthly Update,4,63,empty_vs_na,,NA
29 - Hastings and Prince Edward DSB.xlsx,Monthly Update,4,64,empty_vs_na,,NA
29 - Hastings and Prince Edward DSB.xlsx,Monthly Update,4,65,empty_vs_na,,NA
29 - Hastings and Prince Edward DSB.xlsx,Monthly Update,4,66,empty_vs_na,,NA
29 - Hastings and Prince Edward DSB.xlsx,Monthly Update,4,67,empty_vs_na,,NA
29 - Hastings and Prince Edward DSB.xlsx,Monthly Update,4,68,empty_vs_na,,NA
29 - Hastings and Prince Edward DSB.xlsx,Monthly Update,4,69,empty_vs_na,,NA
29 - Hastings and Prince Edward DSB.xlsx,Monthly Update,4,70,empty_vs_na,,NA
29 - Hastings and Prince Edward DSB.xlsx,Monthly Update,4,71,empty_vs_na,,NA
29 - Hastings and Prince Edward DSB.xlsx,Monthly Update,4,72,empty_vs_na,,NA
29 - Hastings and Prince Edward DSB.xlsx,Monthly Update,4,73,empty_vs_na,,NA
29 - Hastings and Prince Edward DSB.xlsx,Monthly Update,7,67,empty_vs_na,,NA
29 - Hastings and Prince Edward DSB.xlsx,Monthly Update,7,68,empty_vs_na,,NA
29 - Hastings and Prince Edward DSB.xlsx,Monthly Update,7,69,empty_vs_na,,NA
29 - Hastings and Prince Edward DSB.xlsx,Monthly Update,7,70,empty_vs_na,,NA
29 - Hastings and Prince Edward DSB.xlsx,Monthly Update,7,71,empty_vs_na,,NA
29 - Hastings and Prince Edward DSB.xlsx,Monthly Update,7,72,empty_vs_na,,NA
29 - Hastings and Prince Edward DSB.xlsx,Monthly Update,7,73,empty_vs_na,,NA
29 - Hastings and Prince Edward DSB.xlsx,Monthly Update,10,8,empty_vs_na,,NA
29 - Hastings and Prince Edward DSB.xlsx,Monthly Update,10,12,empty_vs_na,,NA
29 - Hastings and Prince Edward DSB.xlsx,Monthly Update,10,17,empty_vs_na,,NA
29 - Hastings and Prince Edward DSB.xlsx,Monthly Update,10,18,empty_vs_na,,NA
29 - Hastings and Prince Edward DSB.xlsx,Monthly Update,10,20,empty_vs_na,,NA
29 - Hastings and Prince Edward DSB.xlsx,Monthly Update,10,21,empty_vs_na,,NA
29 - Hastings and Prince Edward DSB.xlsx,Monthly Update,10,22,empty_vs_na,,NA
29 - Hastings and Prince Edward DSB.xlsx,Monthly Update,10,23,empty_vs_na,,NA
29 - Hastings and Prince Edward DSB.xlsx,Monthly Update,10,24,empty_vs_na,,NA
29 - Hastings and Prince Edward DSB.xlsx,Monthly Update,10,25,empty_vs_na,,NA
29 - Hastings and Prince Edward DSB.xlsx,Monthly Update,10,26,empty_vs_na,,NA
29 - Hastings and Prince Edward DSB.xlsx,Monthly Update,10,27,empty_vs_na,,NA
29 - Hastings and Prince Edward DSB.xlsx,Monthly Update,10,28,empty_vs_na,,NA
29 - Hastings and Prince Edward DSB.xlsx,Monthly Update,10,29,empty_vs_na,,NA
29 - Hastings and Prince Edward DSB.xlsx,Monthly Update,10,30,empty_vs_na,,NA
3 - Rainbow DSB.xlsx,Basic Project Info,7,3,empty_vs_na,,NA
3 - Rainbow DSB.xlsx,Basic Project Info,7,11,empty_vs_na,,NA
3 - Rainbow DSB.xlsx,Basic Project Info,7,12,empty_vs_na,,NA
3 - Rainbow DSB.xlsx,Basic Project Info,8,3,empty_vs_na,,NA
3 - Rainbow DSB.xlsx,Basic Project Info,8,11,empty_vs_na,,NA
3 - Rainbow DSB.xlsx,Basic Project Info,8,12,empty_vs_na,,NA
3 - Rainbow DSB.xlsx,Board Contacts,5,5,empty_vs_na,,NA
3 - Rainbow DSB.xlsx,Monthly Update,3,3,empty_vs_na,,NA
3 - Rainbow DSB.xlsx,Monthly Update,4,51,empty_vs_na,,NA
3 - Rainbow DSB.xlsx,Monthly Update,4,52,empty_vs_na,,NA
3 - Rainbow DSB.xlsx,Monthly Update,4,54,empty_vs_na,,NA
3 - Rainbow DSB.xlsx,Monthly Update,4,55,empty_vs_na,,NA
3 - Rainbow DSB.xlsx,Monthly Update,4,56,empty_vs_na,,NA
3 - Rainbow DSB.xlsx,Monthly Update,4,57,empty_vs_na,,NA
3 - Rainbow DSB.xlsx,Monthly Update,4,58,empty_vs_na,,NA
3 - Rainbow DSB.xlsx,Monthly Update,4,59,empty_vs_na,,NA
3 - Rainbow DSB.xlsx,Monthly Update,4,60,empty_vs_na,,NA
3 - Rainbow DSB.xlsx,Monthly Update,4,61,empty_vs_na,,NA
3 - Rainbow DSB.xlsx,Monthly Update,4,62,empty_vs_na,,NA
3 - Rainbow DSB.xlsx,Monthly Update,4,63,empty_vs_na,,NA
3 - Rainbow DSB.xlsx,Monthly Update,4,64,empty_vs_na,,NA
3 - Rainbow DSB.xlsx,Monthly Update,4,65,empty_vs_na,,NA
3 - Rainbow DSB.xlsx,Monthly Update,4,66,empty_vs_na,,NA
3 - Rainbow DSB.xlsx,Monthly Update,4,67,empty_vs_na,,NA
3 - Rainbow DSB.xlsx,Monthly Update,4,68,empty_vs_na,,NA
3 - Rainbow DSB.xlsx,Monthly Update,4,69,empty_vs_na,,NA
3 - Rainbow DSB.xlsx,Monthly Update,4,70,empty_vs_na,,NA
3 - Rainbow DSB.xlsx,Monthly Update,4,71,empty_vs_na,,NA
3 - Rainbow DSB.xlsx,Monthly Update,4,72,empty_vs_na,,NA
3 - Rainbow DSB.xlsx,Monthly Update,4,73,empty_vs_na,,NA
3 - Rainbow DSB.xlsx,Monthly Update,7,63,empty_vs_na,,NA
3 - Rainbow DSB.xlsx,Monthly Update,7,64,empty_vs_na,,NA
3 - Rainbow DSB.xlsx,Monthly Update,7,65,empty_vs_na,,NA
3 - Rainbow DSB.xlsx,Monthly Update,7,66,empty_vs_na,,NA
3 - Rainbow DSB.xlsx,Monthly Update,7,67,empty_vs_na,,NA
3 - Rainbow DSB.xlsx,Monthly Update,7,68,empty_vs_na,,NA
3 - Rainbow DSB.xlsx,Monthly Update,7,69,empty_vs_na,,NA
3 - Rainbow DSB.xlsx,Monthly Update,7,70,empty_vs_na,,NA
3 - Rainbow DSB.xlsx,Monthly Update,7,71,empty_vs_na,,NA
3 - Rainbow DSB.xlsx,Monthly Update,7,72,empty_vs_na,,NA
3 - Rainbow DSB.xlsx,Monthly Update,7,73,empty_vs_na,,NA
3 - Rainbow DSB.xlsx,Monthly Update,10,3,empty_vs_na,,NA
3 - Rainbow DSB.xlsx,Monthly Update,10,17,empty_vs_na,,NA
3 - Rainbow DSB.xlsx,Monthly Update,10,18,empty_vs_na,,NA
3 - Rainbow DSB.xlsx,Monthly Update,10,21,empty_vs_na,,NA
3 - Rainbow DSB.xlsx,Monthly Update,10,22,empty_vs_na,,NA
3 - Rainbow DSB.xlsx,Monthly Update,10,25,empty_vs_na,,NA
3 - Rainbow DSB.xlsx,Monthly Update,10,27,empty_vs_na,,NA
3 - Rainbow DSB.xlsx,Monthly Update,10,32,empty_vs_na,,NA
3 - Rainbow DSB.xlsx,Monthly Update,10,34,empty_vs_na,,NA
30.2 - Nipissing-Parry Sound Catholic DSB.xlsx,Basic Project Info,7,3,empty_vs_na,,NA
30.2 - Nipissing-Parry Sound Catholic DSB.xlsx,Basic Project Info,7,9,empty_vs_na,,NA
30.2 - Nipissing-Parry Sound Catholic DSB.xlsx,Basic Project Info,7,10,empty_vs_na,,NA
30.2 - Nipissing-Parry Sound Catholic DSB.xlsx,Basic Project Info,7,11,empty_vs_na,,NA
30.2 - Nipissing-Parry Sound Catholic DSB.xlsx,Basic Project Info,7,12,empty_vs_na,,NA
30.2 - Nipissing-Parry Sound Catholic DSB.xlsx,Board Contacts,5,1,empty_vs_na,,NA
30.2 - Nipissing-Parry Sound Catholic DSB.xlsx,Board Contacts,5,2,empty_vs_na,,NA
30.2 - Nipissing-Parry Sound Catholic DSB.xlsx,Board Contacts,5,3,empty_vs_na,,NA
30.2 - Nipissing-Parry Sound Catholic DSB.xlsx,Board Contacts,5,4,empty_vs_na,,NA
30.2 - Nipissing-Parry Sound Catholic DSB.xlsx,Board Contacts,5,5,empty_vs_na,,NA
30.2 - Nipissing-Parry Sound Catholic DSB.xlsx,Monthly Update,4,50,empty_vs_na,,NA
30.2 - Nipissing-Parry Sound Catholic DSB.xlsx,Monthly Update,4,51,empty_vs_na,,NA
30.2 - Nipissing-Parry Sound Catholic DSB.xlsx,Monthly Update,4,52,empty_vs_na,,NA
30.2 - Nipissing-Parry Sound Catholic DSB.xlsx,Monthly Update,4,53,empty_vs_na,,NA
30.2 - Nipissing-Parry Sound Catholic DSB.xlsx,Monthly Update,4,54,empty_vs_na,,NA
30.2 - Nipissing-Parry Sound Catholic DSB.xlsx,Monthly Update,4,57,empty_vs_na,,NA
30.2 - Nipissing-Parry Sound Catholic DSB.xlsx,Monthly Update,4,58,empty_vs_na,,NA
30.2 - Nipissing-Parry Sound Catholic DSB.xlsx,Monthly Update,4,59,empty_vs_na,,NA
30.2 - Nipissing-Parry Sound Catholic DSB.xlsx,Monthly Update,4,60,empty_vs_na,,NA
30.2 - Nipissing-Parry Sound Catholic DSB.xlsx,Monthly Update,4,61,empty_vs_na,,NA
30.2 - Nipissing-Parry Sound Catholic DSB.xlsx,Monthly Update,4,62,empty_vs_na,,NA
30.2 - Nipissing-Parry Sound Catholic DSB.xlsx,Monthly Update,4,63,empty_vs_na,,NA
30.2 - Nipissing-Parry Sound Catholic DSB.xlsx,Monthly Update,4,64,empty_vs_na,,NA
30.2 - Nipissing-Parry Sound Catholic DSB.xlsx,Monthly Update,4,65,empty_vs_na,,NA
30.2 - Nipissing-Parry Sound Catholic DSB.xlsx,Monthly Update,4,66,empty_vs_na,,NA
30.2 - Nipissing-Parry Sound Catholic DSB.xlsx,Monthly Update,4,67,empty_vs_na,,NA
30.2 - Nipissing-Parry Sound Catholic DSB.xlsx,Monthly Update,4,68,empty_vs_na,,NA
30.2 - Nipissing-Parry Sound Catholic DSB.xlsx,Monthly Update,4,69,empty_vs_na,,NA
30.2 - Nipissing-Parry Sound Catholic DSB.xlsx,Monthly Update,4,70,empty_vs_na,,NA
30.2 - Nipissing-Parry Sound Catholic DSB.xlsx,Monthly Update,4,71,empty_vs_na,,NA
30.2 - Nipissing-Parry Sound Catholic DSB.xlsx,Monthly Update,4,72,empty_vs_na,,NA
30.2 - Nipissing-Parry Sound Catholic DSB.xlsx,Monthly Update,4,73,empty_vs_na,,NA
30.2 - Nipissing-Parry Sound Catholic DSB.xlsx,Monthly Update,7,58,empty_vs_na,,NA
30.2 - Nipissing-Parry Sound Catholic DSB.xlsx,Monthly Update,7,59,empty_vs_na,,NA
30.2 - Nipissing-Parry Sound Catholic DSB.xlsx,Monthly Update,7,60,empty_vs_na,,NA
30.2 - Nipissing-Parry Sound Catholic DSB.xlsx,Monthly Update,7,61,empty_vs_na,,NA
30.2 - Nipissing-Parry Sound Catholic DSB.xlsx,Monthly Update,7,62,empty_vs_na,,NA
30.2 - Nipissing-Parry Sound Catholic DSB.xlsx,Monthly Update,7,63,empty_vs_na,,NA
30.2 - Nipissing-Parry Sound Catholic DSB.xlsx,Monthly Update,7,64,empty_vs_na,,NA
30.2 - Nipissing-Parry Sound Catholic DSB.xlsx,Monthly Update,7,65,empty_vs_na,,NA
30.2 - Nipissing-Parry Sound Catholic DSB.xlsx,Monthly Update,7,66,empty_vs_na,,NA
30.2 - Nipissing-Parry Sound Catholic DSB.xlsx,Monthly Update,7,67,empty_vs_na,,NA
30.2 - Nipissing-Parry Sound Catholic DSB.xlsx,Monthly Update,7,68,empty_vs_na,,NA
30.2 - Nipissing-Parry Sound Catholic DSB.xlsx,Monthly Update,7,69,empty_vs_na,,NA
30.2 - Nipissing-Parry Sound Catholic DSB.xlsx,Monthly Update,7,70,empty_vs_na,,NA
30.2 - Nipissing-Parry Sound Catholic DSB.xlsx,Monthly Update,7,71,empty_vs_na,,NA
30.2 - Nipissing-Parry Sound Catholic DSB.xlsx,Monthly Update,7,72,empty_vs_na,,NA
30.2 - Nipissing-Parry Sound Catholic DSB.xlsx,Monthly Update,7,73,empty_vs_na,,NA
30.2 - Nipissing-Parry Sound Catholic DSB.xlsx,Monthly Update,10,18,empty_vs_na,,NA
30.2 - Nipissing-Parry Sound Catholic DSB.xlsx,Monthly Update,10,22,empty_vs_na,,NA
35 - Bruce-Grey Catholic DSB.xlsx,Basic Project Info,7,3,empty_vs_na,,NA
35 - Bruce-Grey Catholic DSB.xlsx,Basic Project Info,7,11,empty_vs_na,,NA
35 - Bruce-Grey Catholic DSB.xlsx,Basic Project Info,7,12,empty_vs_na,,NA
35 - Bruce-Grey Catholic DSB.xlsx,Basic Project Info,8,3,empty_vs_na,,NA
35 - Bruce-Grey Catholic DSB.xlsx,Basic Project Info,8,11,empty_vs_na,,NA
35 - Bruce-Grey Catholic DSB.xlsx,Basic Project Info,8,12,empty_vs_na,,NA
35 - Bruce-Grey Catholic DSB.xlsx,Basic Project Info,9,3,empty_vs_na,,NA
35 - Bruce-Grey Catholic DSB.xlsx,Basic Project Info,9,11,empty_vs_na,,NA
35 - Bruce-Grey Catholic DSB.xlsx,Basic Project Info,9,12,empty_vs_na,,NA
35 - Bruce-Grey Catholic DSB.xlsx,Basic Project Info,10,3,empty_vs_na,,NA
35 - Bruce-Grey Catholic DSB.xlsx,Basic Project Info,10,11,empty_vs_na,,NA
35 - Bruce-Grey Catholic DSB.xlsx,Basic Project Info,10,12,empty_vs_na,,NA
35 - Bruce-Grey Catholic DSB.xlsx,Monthly Update,4,50,empty_vs_na,,NA
35 - Bruce-Grey Catholic DSB.xlsx,Monthly Update,4,51,empty_vs_na,,NA
35 - Bruce-Grey Catholic DSB.xlsx,Monthly Update,4,52,empty_vs_na,,NA
35 - Bruce-Grey Catholic DSB.xlsx,Monthly Update,4,54,empty_vs_na,,NA
35 - Bruce-Grey Catholic DSB.xlsx,Monthly Update,4,55,empty_vs_na,,NA
35 - Bruce-Grey Catholic DSB.xlsx,Monthly Update,4,56,empty_vs_na,,NA
35 - Bruce-Grey Catholic DSB.xlsx,Monthly Update,4,57,empty_vs_na,,NA
35 - Bruce-Grey Catholic DSB.xlsx,Monthly Update,4,58,empty_vs_na,,NA
35 - Bruce-Grey Catholic DSB.xlsx,Monthly Update,4,59,empty_vs_na,,NA
35 - Bruce-Grey Catholic DSB.xlsx,Monthly Update,4,60,empty_vs_na,,NA
35 - Bruce-Grey Catholic DSB.xlsx,Monthly Update,4,61,empty_vs_na,,NA
35 - Bruce-Grey Catholic DSB.xlsx,Monthly Update,4,62,empty_vs_na,,NA
35 - Bruce-Grey Catholic DSB.xlsx,Monthly Update,4,63,empty_vs_na,,NA
35 - Bruce-Grey Catholic DSB.xlsx,Monthly Update,4,64,empty_vs_na,,NA
35 - Bruce-Grey Catholic DSB.xlsx,Monthly Update,4,65,empty_vs_na,,NA
35 - Bruce-Grey Catholic DSB.xlsx,Monthly Update,4,66,empty_vs_na,,NA
35 - Bruce-Grey Catholic DSB.xlsx,Monthly Update,4,67,empty_vs_na,,NA
35 - Bruce-Grey Catholic DSB.xlsx,Monthly Update,4,68,empty_vs_na,,NA
35 - Bruce-Grey Catholic DSB.xlsx,Monthly Update,4,69,empty_vs_na,,NA
35 - Bruce-Grey Catholic DSB.xlsx,Monthly Update,4,70,empty_vs_na,,NA
35 - Bruce-Grey Catholic DSB.xlsx,Monthly Update,4,71,empty_vs_na,,NA
35 - Bruce-Grey Catholic DSB.xlsx,Monthly Update,4,72,empty_vs_na,,NA
35 - Bruce-Grey Catholic DSB.xlsx,Monthly Update,4,73,empty_vs_na,,NA
35 - Bruce-Grey Catholic DSB.xlsx,Monthly Update,7,65,empty_vs_na,,NA
35 - Bruce-Grey Catholic DSB.xlsx,Monthly Update,7,66,empty_vs_na,,NA
35 - Bruce-Grey Catholic DSB.xlsx,Monthly Update,7,67,empty_vs_na,,NA
35 - Bruce-Grey Catholic DSB.xlsx,Monthly Update,7,68,empty_vs_na,,NA
35 - Bruce-Grey Catholic DSB.xlsx,Monthly Update,7,69,empty_vs_na,,NA
35 - Bruce-Grey Catholic DSB.xlsx,Monthly Update,7,70,empty_vs_na,,NA
35 - Bruce-Grey Catholic DSB.xlsx,Monthly Update,7,71,empty_vs_na,,NA
35 - Bruce-Grey Catholic DSB.xlsx,Monthly Update,7,72,empty_vs_na,,NA
35 - Bruce-Grey Catholic DSB.xlsx,Monthly Update,7,73,empty_vs_na,,NA
35 - Bruce-Grey Catholic DSB.xlsx,Monthly Update,10,3,empty_vs_na,,NA
35 - Bruce-Grey Catholic DSB.xlsx,Monthly Update,10,17,empty_vs_na,,NA
35 - Bruce-Grey Catholic DSB.xlsx,Monthly Update,10,18,empty_vs_na,,NA
35 - Bruce-Grey Catholic DSB.xlsx,Monthly Update,10,22,empty_vs_na,,NA
35 - Bruce-Grey Catholic DSB.xlsx,Monthly Update,10,25,empty_vs_na,,NA
35 - Bruce-Grey Catholic DSB.xlsx,Monthly Update,10,27,empty_vs_na,,NA
36 - Huron-Perth Catholic DSB.xlsx,Basic Project Info,7,3,empty_vs_na,,NA
36 - Huron-Perth Catholic DSB.xlsx,Basic Project Info,7,11,empty_vs_na,,NA
36 - Huron-Perth Catholic DSB.xlsx,Basic Project Info,7,12,empty_vs_na,,NA
36 - Huron-Perth Catholic DSB.xlsx,Board Contacts,7,3,empty_vs_na,,NA
36 - Huron-Perth Catholic DSB.xlsx,Board Contacts,7,4,empty_vs_na,,NA
36 - Huron-Perth Catholic DSB.xlsx,Board Contacts,7,5,empty_vs_na,,NA
36 - Huron-Perth Catholic DSB.xlsx,Errors,10,1,empty_vs_na,NA,
36 - Huron-Perth Catholic DSB.xlsx,Errors,10,2,empty_vs_na,NA,
36 - Huron-Perth Catholic DSB.xlsx,Errors,10,3,empty_vs_na,NA,
36 - Huron-Perth Catholic DSB.xlsx,Errors,10,4,empty_vs_na,NA,
36 - Huron-Perth Catholic DSB.xlsx,Errors,10,5,empty_vs_na,NA,
36 - Huron-Perth Catholic DSB.xlsx,Errors,10,6,empty_vs_na,NA,
36 - Huron-Perth Catholic DSB.xlsx,Errors,10,7,empty_vs_na,NA,
36 - Huron-Perth Catholic DSB.xlsx,Errors,10,8,empty_vs_na,NA,
36 - Huron-Perth Catholic DSB.xlsx,Errors,10,9,empty_vs_na,NA,
36 - Huron-Perth Catholic DSB.xlsx,Errors,10,10,empty_vs_na,NA,
36 - Huron-Perth Catholic DSB.xlsx,Errors,10,11,empty_vs_na,NA,
36 - Huron-Perth Catholic DSB.xlsx,Errors,10,12,empty_vs_na,NA,
36 - Huron-Perth Catholic DSB.xlsx,Errors,10,13,empty_vs_na,NA,
36 - Huron-Perth Catholic DSB.xlsx,Errors,10,14,empty_vs_na,NA,
36 - Huron-Perth Catholic DSB.xlsx,Errors,10,15,empty_vs_na,NA,
36 - Huron-Perth Catholic DSB.xlsx,Errors,10,16,empty_vs_na,NA,
36 - Huron-Perth Catholic DSB.xlsx,Errors,10,17,empty_vs_na,NA,
36 - Huron-Perth Catholic DSB.xlsx,Errors,10,18,empty_vs_na,NA,
36 - Huron-Perth Catholic DSB.xlsx,Errors,10,19,empty_vs_na,NA,
36 - Huron-Perth Catholic DSB.xlsx,Errors,10,20,empty_vs_na,NA,
36 - Huron-Perth Catholic DSB.xlsx,Errors,10,21,empty_vs_na,NA,
36 - Huron-Perth Catholic DSB.xlsx,Errors,10,22,empty_vs_na,NA,
36 - Huron-Perth Catholic DSB.xlsx,Errors,10,23,empty_vs_na,NA,
36 - Huron-Perth Catholic DSB.xlsx,Errors,10,24,empty_vs_na,NA,
36 - Huron-Perth Catholic DSB.xlsx,Errors,10,25,empty_vs_na,NA,
36 - Huron-Perth Catholic DSB.xlsx,Errors,10,26,empty_vs_na,NA,
36 - Huron-Perth Catholic DSB.xlsx,Errors,10,27,empty_vs_na,NA,
36 - Huron-Perth Catholic DSB.xlsx,Errors,10,28,empty_vs_na,NA,
36 - Huron-Perth Catholic DSB.xlsx,Errors,10,29,empty_vs_na,NA,
36 - Huron-Perth Catholic DSB.xlsx,Errors,10,30,empty_vs_na,NA,
36 - Huron-Perth Catholic DSB.xlsx,Errors,10,31,empty_vs_na,NA,
36 - Huron-Perth Catholic DSB.xlsx,Errors,10,32,empty_vs_na,NA,
36 - Huron-Perth Catholic DSB.xlsx,Errors,10,33,empty_vs_na,NA,
36 - Huron-Perth Catholic DSB.xlsx,Errors,10,34,empty_vs_na,NA,
36 - Huron-Perth Catholic DSB.xlsx,Errors,10,35,empty_vs_na,NA,
36 - Huron-Perth Catholic DSB.xlsx,Errors,10,36,empty_vs_na,NA,
36 - Huron-Perth Catholic DSB.xlsx,Errors,10,37,empty_vs_na,NA,
36 - Huron-Perth Catholic DSB.xlsx,Errors,10,38,empty_vs_na,NA,
36 - Huron-Perth Catholic DSB.xlsx,Errors,10,39,empty_vs_na,NA,
36 - Huron-Perth Catholic DSB.xlsx,Errors,10,40,empty_vs_na,NA,
36 - Huron-Perth Catholic DSB.xlsx,Errors,10,41,empty_vs_na,NA,
36 - Huron-Perth Catholic DSB.xlsx,Errors,10,42,empty_vs_na,NA,
36 - Huron-Perth Catholic DSB.xlsx,Errors,10,43,empty_vs_na,NA,
36 - Huron-Perth Catholic DSB.xlsx,Errors,10,44,empty_vs_na,NA,
37 - Windsor-Essex Catholic DSB.xlsx,Basic Project Info,7,3,empty_vs_na,,NA
37 - Windsor-Essex Catholic DSB.xlsx,Basic Project Info,7,11,empty_vs_na,,NA
37 - Windsor-Essex Catholic DSB.xlsx,Basic Project Info,7,12,empty_vs_na,,NA
37 - Windsor-Essex Catholic DSB.xlsx,Basic Project Info,8,3,empty_vs_na,,NA
37 - Windsor-Essex Catholic DSB.xlsx,Basic Project Info,8,11,empty_vs_na,,NA
37 - Windsor-Essex Catholic DSB.xlsx,Basic Project Info,8,12,empty_vs_na,,NA
37 - Windsor-Essex Catholic DSB.xlsx,Basic Project Info,9,3,empty_vs_na,,NA
37 - Windsor-Essex Catholic DSB.xlsx,Basic Project Info,9,11,empty_vs_na,,NA
37 - Windsor-Essex Catholic DSB.xlsx,Basic Project Info,9,12,empty_vs_na,,NA
37 - Windsor-Essex Catholic DSB.xlsx,Board Contacts,5,1,empty_vs_na,,NA
37 - Windsor-Essex Catholic DSB.xlsx,Board Contacts,5,2,empty_vs_na,,NA
37 - Windsor-Essex Catholic DSB.xlsx,Board Contacts,5,3,empty_vs_na,,NA
37 - Windsor-Essex Catholic DSB.xlsx,Board Contacts,5,4,empty_vs_na,,NA
37 - Windsor-Essex Catholic DSB.xlsx,Board Contacts,5,5,empty_vs_na,,NA
37 - Windsor-Essex Catholic DSB.xlsx,Monthly Update,4,50,empty_vs_na,,NA
37 - Windsor-Essex Catholic DSB.xlsx,Monthly Update,4,51,empty_vs_na,,NA
37 - Windsor-Essex Catholic DSB.xlsx,Monthly Update,4,52,empty_vs_na,,NA
37 - Windsor-Essex Catholic DSB.xlsx,Monthly Update,4,53,empty_vs_na,,NA
37 - Windsor-Essex Catholic DSB.xlsx,Monthly Update,4,54,empty_vs_na,,NA
37 - Windsor-Essex Catholic DSB.xlsx,Monthly Update,4,55,empty_vs_na,,NA
37 - Windsor-Essex Catholic DSB.xlsx,Monthly Update,4,56,empty_vs_na,,NA
37 - Windsor-Essex Catholic DSB.xlsx,Monthly Update,4,57,empty_vs_na,,NA
37 - Windsor-Essex Catholic DSB.xlsx,Monthly Update,4,58,empty_vs_na,,NA
37 - Windsor-Essex Catholic DSB.xlsx,Monthly Update,4,59,empty_vs_na,,NA
37 - Windsor-Essex Catholic DSB.xlsx,Monthly Update,4,60,empty_vs_na,,NA
37 - Windsor-Essex Catholic DSB.xlsx,Monthly Update,4,61,empty_vs_na,,NA
37 - Windsor-Essex Catholic DSB.xlsx,Monthly Update,4,62,empty_vs_na,,NA
37 - Windsor-Essex Catholic DSB.xlsx,Monthly Update,4,63,empty_vs_na,,NA
37 - Windsor-Essex Catholic DSB.xlsx,Monthly Update,4,64,empty_vs_na,,NA
37 - Windsor-Essex Catholic DSB.xlsx,Monthly Update,4,65,empty_vs_na,,NA
37 - Windsor-Essex Catholic DSB.xlsx,Monthly Update,4,66,empty_vs_na,,NA
37 - Windsor-Essex Catholic DSB.xlsx,Monthly Update,4,67,empty_vs_na,,NA
37 - Windsor-Essex Catholic DSB.xlsx,Monthly Update,4,68,empty_vs_na,,NA
37 - Windsor-Essex Catholic DSB.xlsx,Monthly Update,4,69,empty_vs_na,,NA
37 - Windsor-Essex Catholic DSB.xlsx,Monthly Update,4,70,empty_vs_na,,NA
37 - Windsor-Essex Catholic DSB.xlsx,Monthly Update,4,71,empty_vs_na,,NA
37 - Windsor-Essex Catholic DSB.xlsx,Monthly Update,4,72,empty_vs_na,,NA
37 - Windsor-Essex Catholic DSB.xlsx,Monthly Update,4,73,empty_vs_na,,NA
37 - Windsor-Essex Catholic DSB.xlsx,Monthly Update,7,62,empty_vs_na,,NA
37 - Windsor-Essex Catholic DSB.xlsx,Monthly Update,7,63,empty_vs_na,,NA
37 - Windsor-Essex Catholic DSB.xlsx,Monthly Update,7,64,empty_vs_na,,NA
37 - Windsor-Essex Catholic DSB.xlsx,Monthly Update,7,65,empty_vs_na,,NA
37 - Windsor-Essex Catholic DSB.xlsx,Monthly Update,7,66,empty_vs_na,,NA
37 - Windsor-Essex Catholic DSB.xlsx,Monthly Update,7,67,empty_vs_na,,NA
37 - Windsor-Essex Catholic DSB.xlsx,Monthly Update,7,68,empty_vs_na,,NA
37 - Windsor-Essex Catholic DSB.xlsx,Monthly Update,7,69,empty_vs_na,,NA
37 - Windsor-Essex Catholic DSB.xlsx,Monthly Update,7,70,empty_vs_na,,NA
37 - Windsor-Essex Catholic DSB.xlsx,Monthly Update,7,71,empty_vs_na,,NA
37 - Windsor-Essex Catholic DSB.xlsx,Monthly Update,7,72,empty_vs_na,,NA
37 - Windsor-Essex Catholic DSB.xlsx,Monthly Update,7,73,empty_vs_na,,NA
38 - London District Catholic SB.xlsx,Basic Project Info,7,3,empty_vs_na,,NA
38 - London District Catholic SB.xlsx,Basic Project Info,7,11,empty_vs_na,,NA
38 - London District Catholic SB.xlsx,Basic Project Info,7,12,empty_vs_na,,NA
38 - London District Catholic SB.xlsx,Basic Project Info,8,3,empty_vs_na,,NA
38 - London District Catholic SB.xlsx,Basic Project Info,8,8,empty_vs_na,,NA
38 - London District Catholic SB.xlsx,Basic Project Info,8,11,empty_vs_na,,NA
38 - London District Catholic SB.xlsx,Basic Project Info,8,12,empty_vs_na,,NA
38 - London District Catholic SB.xlsx,Basic Project Info,9,3,empty_vs_na,,NA
38 - London District Catholic SB.xlsx,Basic Project Info,9,6,empty_vs_na,,NA
38 - London District Catholic SB.xlsx,Basic Project Info,9,8,empty_vs_na,,NA
38 - London District Catholic SB.xlsx,Basic Project Info,9,9,empty_vs_na,,NA
38 - London District Catholic SB.xlsx,Basic Project Info,9,10,empty_vs_na,,NA
38 - London District Catholic SB.xlsx,Basic Project Info,9,11,empty_vs_na,,NA
38 - London District Catholic SB.xlsx,Basic Project Info,9,12,empty_vs_na,,NA
38 - London District Catholic SB.xlsx,Basic Project Info,10,3,empty_vs_na,,NA
38 - London District Catholic SB.xlsx,Basic Project Info,10,11,empty_vs_na,,NA
38 - London District Catholic SB.xlsx,Basic Project Info,10,12,empty_vs_na,,NA
38 - London District Catholic SB.xlsx,Basic Project Info,11,3,empty_vs_na,,NA
38 - London District Catholic SB.xlsx,Basic Project Info,11,11,empty_vs_na,,NA
38 - London District Catholic SB.xlsx,Basic Project Info,11,12,empty_vs_na,,NA
38 - London District Catholic SB.xlsx,Basic Project Info,12,3,empty_vs_na,,NA
38 - London District Catholic SB.xlsx,Basic Project Info,12,11,empty_vs_na,,NA
38 - London District Catholic SB.xlsx,Basic Project Info,12,12,empty_vs_na,,NA
38 - London District Catholic SB.xlsx,Basic Project Info,13,3,empty_vs_na,,NA
38 - London District Catholic SB.xlsx,Basic Project Info,13,9,empty_vs_na,,NA
38 - London District Catholic SB.xlsx,Basic Project Info,13,10,empty_vs_na,,NA
38 - London District Catholic SB.xlsx,Basic Project Info,13,11,empty_vs_na,,NA
38 - London District Catholic SB.xlsx,Basic Project Info,13,12,empty_vs_na,,NA
38 - London District Catholic SB.xlsx,Basic Project Info,14,3,empty_vs_na,,NA
38 - London District Catholic SB.xlsx,Basic Project Info,14,9,empty_vs_na,,NA
38 - London District Catholic SB.xlsx,Basic Project Info,14,10,empty_vs_na,,NA
38 - London District Catholic SB.xlsx,Basic Project Info,14,11,empty_vs_na,,NA
38 - London District Catholic SB.xlsx,Basic Project Info,14,12,empty_vs_na,,NA
38 - London District Catholic SB.xlsx,Basic Project Info,15,3,empty_vs_na,,NA
38 - London District Catholic SB.xlsx,Basic Project Info,15,9,empty_vs_na,,NA
38 - London District Catholic SB.xlsx,Basic Project Info,15,10,empty_vs_na,,NA
38 - London District Catholic SB.xlsx,Basic Project Info,15,11,empty_vs_na,,NA
38 - London District Catholic SB.xlsx,Basic Project Info,15,12,empty_vs_na,,NA
38 - London District Catholic SB.xlsx,Basic Project Info,16,3,empty_vs_na,,NA
38 - London District Catholic SB.xlsx,Basic Project Info,16,9,empty_vs_na,,NA
38 - London District Catholic SB.xlsx,Basic Project Info,16,10,empty_vs_na,,NA
38 - London District Catholic SB.xlsx,Basic Project Info,16,11,empty_vs_na,,NA
38 - London District Catholic SB.xlsx,Basic Project Info,16,12,empty_vs_na,,NA
38 - London District Catholic SB.xlsx,Basic Project Info,17,3,empty_vs_na,,NA
38 - London District Catholic SB.xlsx,Basic Project Info,17,11,empty_vs_na,,NA
38 - London District Catholic SB.xlsx,Basic Project Info,17,12,empty_vs_na,,NA
38 - London District Catholic SB.xlsx,Basic Project Info,18,3,empty_vs_na,,NA
38 - London District Catholic SB.xlsx,Basic Project Info,18,11,empty_vs_na,,NA
38 - London District Catholic SB.xlsx,Basic Project Info,18,12,empty_vs_na,,NA
38 - London District Catholic SB.xlsx,Basic Project Info,19,3,empty_vs_na,,NA
39 - St. Clair Catholic DSB.xlsx,Basic Project Info,7,3,empty_vs_na,,NA
39 - St. Clair Catholic DSB.xlsx,Basic Project Info,7,11,empty_vs_na,,NA
39 - St. Clair Catholic DSB.xlsx,Basic Project Info,7,12,empty_vs_na,,NA
39 - St. Clair Catholic DSB.xlsx,Board Contacts,5,5,empty_vs_na,,NA
39 - St. Clair Catholic DSB.xlsx,Monthly Update,4,51,empty_vs_na,,NA
39 - St. Clair Catholic DSB.xlsx,Monthly Update,4,53,empty_vs_na,,NA
39 - St. Clair Catholic DSB.xlsx,Monthly Update,4,54,empty_vs_na,,NA
39 - St. Clair Catholic DSB.xlsx,Monthly Update,4,55,empty_vs_na,,NA
39 - St. Clair Catholic DSB.xlsx,Monthly Update,4,56,empty_vs_na,,NA
39 - St. Clair Catholic DSB.xlsx,Monthly Update,4,57,empty_vs_na,,NA
39 - St. Clair Catholic DSB.xlsx,Monthly Update,4,58,empty_vs_na,,NA
39 - St. Clair Catholic DSB.xlsx,Monthly Update,4,59,empty_vs_na,,NA
39 - St. Clair Catholic DSB.xlsx,Monthly Update,4,60,empty_vs_na,,NA
39 - St. Clair Catholic DSB.xlsx,Monthly Update,4,61,empty_vs_na,,NA
39 - St. Clair Catholic DSB.xlsx,Monthly Update,4,62,empty_vs_na,,NA
39 - St. Clair Catholic DSB.xlsx,Monthly Update,4,63,empty_vs_na,,NA
39 - St. Clair Catholic DSB.xlsx,Monthly Update,4,64,empty_vs_na,,NA
39 - St. Clair Catholic DSB.xlsx,Monthly Update,4,65,empty_vs_na,,NA
39 - St. Clair Catholic DSB.xlsx,Monthly Update,4,66,empty_vs_na,,NA
39 - St. Clair Catholic DSB.xlsx,Monthly Update,4,67,empty_vs_na,,NA
39 - St. Clair Catholic DSB.xlsx,Monthly Update,4,68,empty_vs_na,,NA
39 - St. Clair Catholic DSB.xlsx,Monthly Update,4,69,empty_vs_na,,NA
39 - St. Clair Catholic DSB.xlsx,Monthly Update,4,70,empty_vs_na,,NA
39 - St. Clair Catholic DSB.xlsx,Monthly Update,4,71,empty_vs_na,,NA
39 - St. Clair Catholic DSB.xlsx,Monthly Update,4,72,empty_vs_na,,NA
39 - St. Clair Catholic DSB.xlsx,Monthly Update,4,73,empty_vs_na,,NA
39 - St. Clair Catholic DSB.xlsx,Monthly Update,7,56,empty_vs_na,,NA
39 - St. Clair Catholic DSB.xlsx,Monthly Update,7,57,empty_vs_na,,NA
39 - St. Clair Catholic DSB.xlsx,Monthly Update,7,58,empty_vs_na,,NA
39 - St. Clair Catholic DSB.xlsx,Monthly Update,7,59,empty_vs_na,,NA
39 - St. Clair Catholic DSB.xlsx,Monthly Update,7,60,empty_vs_na,,NA
39 - St. Clair Catholic DSB.xlsx,Monthly Update,7,61,empty_vs_na,,NA
39 - St. Clair Catholic DSB.xlsx,Monthly Update,7,62,empty_vs_na,,NA
39 - St. Clair Catholic DSB.xlsx,Monthly Update,7,63,empty_vs_na,,NA
39 - St. Clair Catholic DSB.xlsx,Monthly Update,7,64,empty_vs_na,,NA
39 - St. Clair Catholic DSB.xlsx,Monthly Update,7,65,empty_vs_na,,NA
39 - St. Clair Catholic DSB.xlsx,Monthly Update,7,66,empty_vs_na,,NA
39 - St. Clair Catholic DSB.xlsx,Monthly Update,7,67,empty_vs_na,,NA
39 - St. Clair Catholic DSB.xlsx,Monthly Update,7,68,empty_vs_na,,NA
39 - St. Clair Catholic DSB.xlsx,Monthly Update,7,69,empty_vs_na,,NA
39 - St. Clair Catholic DSB.xlsx,Monthly Update,7,70,empty_vs_na,,NA
39 - St. Clair Catholic DSB.xlsx,Monthly Update,7,71,empty_vs_na,,NA
39 - St. Clair Catholic DSB.xlsx,Monthly Update,7,72,empty_vs_na,,NA
39 - St. Clair Catholic DSB.xlsx,Monthly Update,7,73,empty_vs_na,,NA
39 - St. Clair Catholic DSB.xlsx,Monthly Update,10,18,empty_vs_na,,NA
39 - St. Clair Catholic DSB.xlsx,Monthly Update,10,19,empty_vs_na,,NA
39 - St. Clair Catholic DSB.xlsx,Monthly Update,10,21,empty_vs_na,,NA
39 - St. Clair Catholic DSB.xlsx,Monthly Update,10,22,empty_vs_na,,NA
39 - St. Clair Catholic DSB.xlsx,Monthly Update,10,23,empty_vs_na,,NA
39 - St. Clair Catholic DSB.xlsx,Monthly Update,10,25,empty_vs_na,,NA
4 - Near North DSB.xlsx,Basic Project Info,7,3,empty_vs_na,,NA
4 - Near North DSB.xlsx,Basic Project Info,7,11,empty_vs_na,,NA
4 - Near North DSB.xlsx,Basic Project Info,7,12,empty_vs_na,,NA
4 - Near North DSB.xlsx,Board Contacts,5,1,empty_vs_na,,NA
4 - Near North DSB.xlsx,Board Contacts,5,2,empty_vs_na,,NA
4 - Near North DSB.xlsx,Board Contacts,5,3,empty_vs_na,,NA
4 - Near North DSB.xlsx,Board Contacts,5,4,empty_vs_na,,NA
4 - Near North DSB.xlsx,Board Contacts,5,5,empty_vs_na,,NA
4 - Near North DSB.xlsx,Errors,10,1,empty_vs_na,NA,
4 - Near North DSB.xlsx,Errors,10,2,empty_vs_na,NA,
4 - Near North DSB.xlsx,Errors,10,3,empty_vs_na,NA,
4 - Near North DSB.xlsx,Errors,10,4,empty_vs_na,NA,
4 - Near North DSB.xlsx,Errors,10,5,empty_vs_na,NA,
4 - Near North DSB.xlsx,Errors,10,6,empty_vs_na,NA,
4 - Near North DSB.xlsx,Errors,10,7,empty_vs_na,NA,
4 - Near North DSB.xlsx,Errors,10,8,empty_vs_na,NA,
4 - Near North DSB.xlsx,Errors,10,9,empty_vs_na,NA,
4 - Near North DSB.xlsx,Errors,10,10,empty_vs_na,NA,
4 - Near North DSB.xlsx,Errors,10,11,empty_vs_na,NA,
4 - Near North DSB.xlsx,Errors,10,12,empty_vs_na,NA,
4 - Near North DSB.xlsx,Errors,10,13,empty_vs_na,NA,
4 - Near North DSB.xlsx,Errors,10,14,empty_vs_na,NA,
4 - Near North DSB.xlsx,Errors,10,15,empty_vs_na,NA,
4 - Near North DSB.xlsx,Errors,10,16,empty_vs_na,NA,
4 - Near North DSB.xlsx,Errors,10,17,empty_vs_na,NA,
4 - Near North DSB.xlsx,Errors,10,18,empty_vs_na,NA,
4 - Near North DSB.xlsx,Errors,10,19,empty_vs_na,NA,
4 - Near North DSB.xlsx,Errors,10,20,empty_vs_na,NA,
4 - Near North DSB.xlsx,Errors,10,21,empty_vs_na,NA,
4 - Near North DSB.xlsx,Errors,10,22,empty_vs_na,NA,
4 - Near North DSB.xlsx,Errors,10,23,empty_vs_na,NA,
4 - Near North DSB.xlsx,Errors,10,24,empty_vs_na,NA,
4 - Near North DSB.xlsx,Errors,10,25,empty_vs_na,NA,
4 - Near North DSB.xlsx,Errors,10,26,empty_vs_na,NA,
4 - Near North DSB.xlsx,Errors,10,27,empty_vs_na,NA,
4 - Near North DSB.xlsx,Errors,10,28,empty_vs_na,NA,
4 - Near North DSB.xlsx,Errors,10,29,empty_vs_na,NA,
4 - Near North DSB.xlsx,Errors,10,30,empty_vs_na,NA,
4 - Near North DSB.xlsx,Errors,10,31,empty_vs_na,NA,
4 - Near North DSB.xlsx,Errors,10,32,empty_vs_na,NA,
4 - Near North DSB.xlsx,Errors,10,33,empty_vs_na,NA,
4 - Near North DSB.xlsx,Errors,10,34,empty_vs_na,NA,
4 - Near North DSB.xlsx,Errors,10,35,empty_vs_na,NA,
4 - Near North DSB.xlsx,Errors,10,36,empty_vs_na,NA,
4 - Near North DSB.xlsx,Errors,10,37,empty_vs_na,NA,
4 - Near North DSB.xlsx,Errors,10,38,empty_vs_na,NA,
4 - Near North DSB.xlsx,Errors,10,39,empty_vs_na,NA,
4 - Near North DSB.xlsx,Errors,10,40,empty_vs_na,NA,
4 - Near North DSB.xlsx,Errors,10,41,empty_vs_na,NA,
4 - Near North DSB.xlsx,Errors,10,42,empty_vs_na,NA,
40 - Toronto Catholic DSB.xlsx,Basic Project Info,7,3,empty_vs_na,,NA
40 - Toronto Catholic DSB.xlsx,Basic Project Info,7,11,empty_vs_na,,NA
40 - Toronto Catholic DSB.xlsx,Basic Project Info,7,12,empty_vs_na,,NA
40 - Toronto Catholic DSB.xlsx,Basic Project Info,8,3,empty_vs_na,,NA
40 - Toronto Catholic DSB.xlsx,Basic Project Info,8,11,empty_vs_na,,NA
40 - Toronto Catholic DSB.xlsx,Basic Project Info,8,12,empty_vs_na,,NA
40 - Toronto Catholic DSB.xlsx,Basic Project Info,9,3,empty_vs_na,,NA
40 - Toronto Catholic DSB.xlsx,Basic Project Info,9,11,empty_vs_na,,NA
40 - Toronto Catholic DSB.xlsx,Basic Project Info,9,12,empty_vs_na,,NA
40 - Toronto Catholic DSB.xlsx,Basic Project Info,10,3,empty_vs_na,,NA
40 - Toronto Catholic DSB.xlsx,Basic Project Info,10,11,empty_vs_na,,NA
40 - Toronto Catholic DSB.xlsx,Basic Project Info,10,12,empty_vs_na,,NA
40 - Toronto Catholic DSB.xlsx,Basic Project Info,11,3,empty_vs_na,,NA
40 - Toronto Catholic DSB.xlsx,Basic Project Info,11,11,empty_vs_na,,NA
40 - Toronto Catholic DSB.xlsx,Basic Project Info,11,12,empty_vs_na,,NA
40 - Toronto Catholic DSB.xlsx,Basic Project Info,12,3,empty_vs_na,,NA
40 - Toronto Catholic DSB.xlsx,Basic Project Info,12,11,empty_vs_na,,NA
40 - Toronto Catholic DSB.xlsx,Basic Project Info,12,12,empty_vs_na,,NA
40 - Toronto Catholic DSB.xlsx,Basic Project Info,13,3,empty_vs_na,,NA
40 - Toronto Catholic DSB.xlsx,Basic Project Info,13,6,empty_vs_na,,NA
40 - Toronto Catholic DSB.xlsx,Basic Project Info,13,8,empty_vs_na,,NA
40 - Toronto Catholic DSB.xlsx,Basic Project Info,13,9,empty_vs_na,,NA
40 - Toronto Catholic DSB.xlsx,Basic Project Info,13,10,empty_vs_na,,NA
40 - Toronto Catholic DSB.xlsx,Basic Project Info,13,11,empty_vs_na,,NA
40 - Toronto Catholic DSB.xlsx,Basic Project Info,13,12,empty_vs_na,,NA
40 - Toronto Catholic DSB.xlsx,Basic Project Info,14,3,empty_vs_na,,NA
40 - Toronto Catholic DSB.xlsx,Basic Project Info,14,11,empty_vs_na,,NA
40 - Toronto Catholic DSB.xlsx,Basic Project Info,14,12,empty_vs_na,,NA
40 - Toronto Catholic DSB.xlsx,Basic Project Info,15,3,empty_vs_na,,NA
40 - Toronto Catholic DSB.xlsx,Basic Project Info,15,11,empty_vs_na,,NA
40 - Toronto Catholic DSB.xlsx,Basic Project Info,15,12,empty_vs_na,,NA
40 - Toronto Catholic DSB.xlsx,Basic Project Info,16,3,empty_vs_na,,NA
40 - Toronto Catholic DSB.xlsx,Basic Project Info,16,11,empty_vs_na,,NA
40 - Toronto Catholic DSB.xlsx,Basic Project Info,16,12,empty_vs_na,,NA
40 - Toronto Catholic DSB.xlsx,Basic Project Info,17,3,empty_vs_na,,NA
40 - Toronto Catholic DSB.xlsx,Basic Project Info,17,11,empty_vs_na,,NA
40 - Toronto Catholic DSB.xlsx,Basic Project Info,17,12,empty_vs_na,,NA
40 - Toronto Catholic DSB.xlsx,Basic Project Info,18,3,empty_vs_na,,NA
40 - Toronto Catholic DSB.xlsx,Basic Project Info,18,11,empty_vs_na,,NA
40 - Toronto Catholic DSB.xlsx,Basic Project Info,18,12,empty_vs_na,,NA
40 - Toronto Catholic DSB.xlsx,Basic Project Info,19,3,empty_vs_na,,NA
40 - Toronto Catholic DSB.xlsx,Basic Project Info,19,11,empty_vs_na,,NA
40 - Toronto Catholic DSB.xlsx,Basic Project Info,19,12,empty_vs_na,,NA
40 - Toronto Catholic DSB.xlsx,Basic Project Info,20,3,empty_vs_na,,NA
40 - Toronto Catholic DSB.xlsx,Basic Project Info,20,11,empty_vs_na,,NA
40 - Toronto Catholic DSB.xlsx,Basic Project Info,20,12,empty_vs_na,,NA
40 - Toronto Catholic DSB.xlsx,Basic Project Info,21,3,empty_vs_na,,NA
40 - Toronto Catholic DSB.xlsx,Basic Project Info,21,11,empty_vs_na,,NA
40 - Toronto Catholic DSB.xlsx,Basic Project Info,21,12,empty_vs_na,,NA
40 - Toronto Catholic DSB.xlsx,Basic Project Info,22,3,empty_vs_na,,NA
41 - Peterborough Victoria Northumberland Clarington Catholic DSB.xlsx,Basic Project Info,7,3,empty_vs_na,,NA
41 - Peterborough Victoria Northumberland Clarington Catholic DSB.xlsx,Basic Project Info,7,9,empty_vs_na,,NA
41 - Peterborough Victoria Northumberland Clarington Catholic DSB.xlsx,Basic Project Info,7,10,empty_vs_na,,NA
41 - Peterborough Victoria Northumberland Clarington Catholic DSB.xlsx,Basic Project Info,7,11,empty_vs_na,,NA
41 - Peterborough Victoria Northumberland Clarington Catholic DSB.xlsx,Basic Project Info,7,12,empty_vs_na,,NA
41 - Peterborough Victoria Northumberland Clarington Catholic DSB.xlsx,Basic Project Info,8,3,empty_vs_na,,NA
41 - Peterborough Victoria Northumberland Clarington Catholic DSB.xlsx,Basic Project Info,8,11,empty_vs_na,,NA
41 - Peterborough Victoria Northumberland Clarington Catholic DSB.xlsx,Basic Project Info,8,12,empty_vs_na,,NA
41 - Peterborough Victoria Northumberland Clarington Catholic DSB.xlsx,Board Contacts,5,1,empty_vs_na,,NA
41 - Peterborough Victoria Northumberland Clarington Catholic DSB.xlsx,Board Contacts,5,2,empty_vs_na,,NA
41 - Peterborough Victoria Northumberland Clarington Catholic DSB.xlsx,Board Contacts,5,3,empty_vs_na,,NA
41 - Peterborough Victoria Northumberland Clarington Catholic DSB.xlsx,Board Contacts,5,4,empty_vs_na,,NA
41 - Peterborough Victoria Northumberland Clarington Catholic DSB.xlsx,Board Contacts,5,5,empty_vs_na,,NA
41 - Peterborough Victoria Northumberland Clarington Catholic DSB.xlsx,Monthly Update,4,51,empty_vs_na,,NA
41 - Peterborough Victoria Northumberland Clarington Catholic DSB.xlsx,Monthly Update,4,52,empty_vs_na,,NA
41 - Peterborough Victoria Northumberland Clarington Catholic DSB.xlsx,Monthly Update,4,54,empty_vs_na,,NA
41 - Peterborough Victoria Northumberland Clarington Catholic DSB.xlsx,Monthly Update,4,55,empty_vs_na,,NA
41 - Peterborough Victoria Northumberland Clarington Catholic DSB.xlsx,Monthly Update,4,57,empty_vs_na,,NA
41 - Peterborough Victoria Northumberland Clarington Catholic DSB.xlsx,Monthly Update,4,58,empty_vs_na,,NA
41 - Peterborough Victoria Northumberland Clarington Catholic DSB.xlsx,Monthly Update,4,59,empty_vs_na,,NA
41 - Peterborough Victoria Northumberland Clarington Catholic DSB.xlsx,Monthly Update,4,60,empty_vs_na,,NA
41 - Peterborough Victoria Northumberland Clarington Catholic DSB.xlsx,Monthly Update,4,61,empty_vs_na,,NA
41 - Peterborough Victoria Northumberland Clarington Catholic DSB.xlsx,Monthly Update,4,62,empty_vs_na,,NA
41 - Peterborough Victoria Northumberland Clarington Catholic DSB.xlsx,Monthly Update,4,63,empty_vs_na,,NA
41 - Peterborough Victoria Northumberland Clarington Catholic DSB.xlsx,Monthly Update,4,64,empty_vs_na,,NA
41 - Peterborough Victoria Northumberland Clarington Catholic DSB.xlsx,Monthly Update,4,65,empty_vs_na,,NA
41 - Peterborough Victoria Northumberland Clarington Catholic DSB.xlsx,Monthly Update,4,66,empty_vs_na,,NA
41 - Peterborough Victoria Northumberland Clarington Catholic DSB.xlsx,Monthly Update,4,67,empty_vs_na,,NA
41 - Peterborough Victoria Northumberland Clarington Catholic DSB.xlsx,Monthly Update,4,68,empty_vs_na,,NA
41 - Peterborough Victoria Northumberland Clarington Catholic DSB.xlsx,Monthly Update,4,69,empty_vs_na,,NA
41 - Peterborough Victoria Northumberland Clarington Catholic DSB.xlsx,Monthly Update,4,70,empty_vs_na,,NA
41 - Peterborough Victoria Northumberland Clarington Catholic DSB.xlsx,Monthly Update,4,71,empty_vs_na,,NA
41 - Peterborough Victoria Northumberland Clarington Catholic DSB.xlsx,Monthly Update,4,72,empty_vs_na,,NA
41 - Peterborough Victoria Northumberland Clarington Catholic DSB.xlsx,Monthly Update,4,73,empty_vs_na,,NA
41 - Peterborough Victoria Northumberland Clarington Catholic DSB.xlsx,Monthly Update,7,70,empty_vs_na,,NA
41 - Peterborough Victoria Northumberland Clarington Catholic DSB.xlsx,Monthly Update,7,71,empty_vs_na,,NA
41 - Peterborough Victoria Northumberland Clarington Catholic DSB.xlsx,Monthly Update,7,72,empty_vs_na,,NA
41 - Peterborough Victoria Northumberland Clarington Catholic DSB.xlsx,Monthly Update,7,73,empty_vs_na,,NA
41 - Peterborough Victoria Northumberland Clarington Catholic DSB.xlsx,Monthly Update,10,18,empty_vs_na,,NA
41 - Peterborough Victoria Northumberland Clarington Catholic DSB.xlsx,Monthly Update,10,22,empty_vs_na,,NA
41 - Peterborough Victoria Northumberland Clarington Catholic DSB.xlsx,Monthly Update,10,25,empty_vs_na,,NA
41 - Peterborough Victoria Northumberland Clarington Catholic DSB.xlsx,Monthly Update,10,27,empty_vs_na,,NA
41 - Peterborough Victoria Northumberland Clarington Catholic DSB.xlsx,Monthly Update,10,32,empty_vs_na,,NA
41 - Peterborough Victoria Northumberland Clarington Catholic DSB.xlsx,Monthly Update,10,34,empty_vs_na,,NA
41 - Peterborough Victoria Northumberland Clarington Catholic DSB.xlsx,Monthly Update,10,36,empty_vs_na,,NA
41 - Peterborough Victoria Northumberland Clarington Catholic DSB.xlsx,Monthly Update,10,38,empty_vs_na,,NA
41 - Peterborough Victoria Northumberland Clarington Catholic DSB.xlsx,Monthly Update,10,42,empty_vs_na,,NA
41 - Peterborough Victoria Northumberland Clarington Catholic DSB.xlsx,Monthly Update,10,43,empty_vs_na,,NA
41 - Peterborough Victoria Northumberland Clarington Catholic DSB.xlsx,Monthly Update,10,44,empty_vs_na,,NA
41 - Peterborough Victoria Northumberland Clarington Catholic DSB.xlsx,Monthly Update,10,47,empty_vs_na,,NA
42 - York Catholic DSB.xlsx,Basic Project Info,7,3,empty_vs_na,,NA
42 - York Catholic DSB.xlsx,Basic Project Info,7,8,empty_vs_na,,NA
42 - York Catholic DSB.xlsx,Basic Project Info,7,11,empty_vs_na,,NA
42 - York Catholic DSB.xlsx,Basic Project Info,7,12,empty_vs_na,,NA
42 - York Catholic DSB.xlsx,Basic Project Info,8,3,empty_vs_na,,NA
42 - York Catholic DSB.xlsx,Basic Project Info,8,11,empty_vs_na,,NA
42 - York Catholic DSB.xlsx,Basic Project Info,8,12,empty_vs_na,,NA
42 - York Catholic DSB.xlsx,Basic Project Info,9,3,empty_vs_na,,NA
42 - York Catholic DSB.xlsx,Basic Project Info,9,8,empty_vs_na,,NA
42 - York Catholic DSB.xlsx,Basic Project Info,9,11,empty_vs_na,,NA
42 - York Catholic DSB.xlsx,Basic Project Info,9,12,empty_vs_na,,NA
42 - York Catholic DSB.xlsx,Basic Project Info,10,3,empty_vs_na,,NA
42 - York Catholic DSB.xlsx,Basic Project Info,10,9,empty_vs_na,,NA
42 - York Catholic DSB.xlsx,Basic Project Info,10,10,empty_vs_na,,NA
42 - York Catholic DSB.xlsx,Basic Project Info,10,11,empty_vs_na,,NA
42 - York Catholic DSB.xlsx,Basic Project Info,10,12,empty_vs_na,,NA
42 - York Catholic DSB.xlsx,Board Contacts,5,1,empty_vs_na,,NA
42 - York Catholic DSB.xlsx,Board Contacts,5,2,empty_vs_na,,NA
42 - York Catholic DSB.xlsx,Board Contacts,5,3,empty_vs_na,,NA
42 - York Catholic DSB.xlsx,Board Contacts,5,4,empty_vs_na,,NA
42 - York Catholic DSB.xlsx,Board Contacts,5,5,empty_vs_na,,NA
42 - York Catholic DSB.xlsx,Monthly Update,3,3,empty_vs_na,,NA
42 - York Catholic DSB.xlsx,Monthly Update,4,51,empty_vs_na,,NA
42 - York Catholic DSB.xlsx,Monthly Update,4,54,empty_vs_na,,NA
42 - York Catholic DSB.xlsx,Monthly Update,4,55,empty_vs_na,,NA
42 - York Catholic DSB.xlsx,Monthly Update,4,56,empty_vs_na,,NA
42 - York Catholic DSB.xlsx,Monthly Update,4,57,empty_vs_na,,NA
42 - York Catholic DSB.xlsx,Monthly Update,4,58,empty_vs_na,,NA
42 - York Catholic DSB.xlsx,Monthly Update,4,59,empty_vs_na,,NA
42 - York Catholic DSB.xlsx,Monthly Update,4,60,empty_vs_na,,NA
42 - York Catholic DSB.xlsx,Monthly Update,4,61,empty_vs_na,,NA
42 - York Catholic DSB.xlsx,Monthly Update,4,62,empty_vs_na,,NA
42 - York Catholic DSB.xlsx,Monthly Update,4,63,empty_vs_na,,NA
42 - York Catholic DSB.xlsx,Monthly Update,4,64,empty_vs_na,,NA
42 - York Catholic DSB.xlsx,Monthly Update,4,65,empty_vs_na,,NA
42 - York Catholic DSB.xlsx,Monthly Update,4,66,empty_vs_na,,NA
42 - York Catholic DSB.xlsx,Monthly Update,4,67,empty_vs_na,,NA
42 - York Catholic DSB.xlsx,Monthly Update,4,68,empty_vs_na,,NA
42 - York Catholic DSB.xlsx,Monthly Update,4,69,empty_vs_na,,NA
42 - York Catholic DSB.xlsx,Monthly Update,4,70,empty_vs_na,,NA
42 - York Catholic DSB.xlsx,Monthly Update,4,71,empty_vs_na,,NA
42 - York Catholic DSB.xlsx,Monthly Update,4,72,empty_vs_na,,NA
42 - York Catholic DSB.xlsx,Monthly Update,4,73,empty_vs_na,,NA
42 - York Catholic DSB.xlsx,Monthly Update,7,63,empty_vs_na,,NA
42 - York Catholic DSB.xlsx,Monthly Update,7,64,empty_vs_na,,NA
42 - York Catholic DSB.xlsx,Monthly Update,7,65,empty_vs_na,,NA
42 - York Catholic DSB.xlsx,Monthly Update,7,66,empty_vs_na,,NA
42 - York Catholic DSB.xlsx,Monthly Update,7,67,empty_vs_na,,NA
42 - York Catholic DSB.xlsx,Monthly Update,7,68,empty_vs_na,,NA
42 - York Catholic DSB.xlsx,Monthly Update,7,69,empty_vs_na,,NA
43 - Dufferin Peel Catholic DSB.xlsx,Basic Project Info,7,11,empty_vs_na,,NA
43 - Dufferin Peel Catholic DSB.xlsx,Basic Project Info,7,12,empty_vs_na,,NA
43 - Dufferin Peel Catholic DSB.xlsx,Basic Project Info,8,8,empty_vs_na,,NA
43 - Dufferin Peel Catholic DSB.xlsx,Basic Project Info,8,11,empty_vs_na,,NA
43 - Dufferin Peel Catholic DSB.xlsx,Basic Project Info,8,12,empty_vs_na,,NA
43 - Dufferin Peel Catholic DSB.xlsx,Basic Project Info,9,6,empty_vs_na,,NA
43 - Dufferin Peel Catholic DSB.xlsx,Basic Project Info,9,9,empty_vs_na,,NA
43 - Dufferin Peel Catholic DSB.xlsx,Basic Project Info,9,10,empty_vs_na,,NA
43 - Dufferin Peel Catholic DSB.xlsx,Basic Project Info,9,11,empty_vs_na,,NA
43 - Dufferin Peel Catholic DSB.xlsx,Basic Project Info,9,12,empty_vs_na,,NA
43 - Dufferin Peel Catholic DSB.xlsx,Basic Project Info,10,3,empty_vs_na,,NA
43 - Dufferin Peel Catholic DSB.xlsx,Basic Project Info,10,9,empty_vs_na,,NA
43 - Dufferin Peel Catholic DSB.xlsx,Basic Project Info,10,10,empty_vs_na,,NA
43 - Dufferin Peel Catholic DSB.xlsx,Basic Project Info,10,11,empty_vs_na,,NA
43 - Dufferin Peel Catholic DSB.xlsx,Basic Project Info,10,12,empty_vs_na,,NA
43 - Dufferin Peel Catholic DSB.xlsx,Monthly Update,4,50,empty_vs_na,,NA
43 - Dufferin Peel Catholic DSB.xlsx,Monthly Update,4,51,empty_vs_na,,NA
43 - Dufferin Peel Catholic DSB.xlsx,Monthly Update,4,52,empty_vs_na,,NA
43 - Dufferin Peel Catholic DSB.xlsx,Monthly Update,4,54,empty_vs_na,,NA
43 - Dufferin Peel Catholic DSB.xlsx,Monthly Update,4,55,empty_vs_na,,NA
43 - Dufferin Peel Catholic DSB.xlsx,Monthly Update,4,56,empty_vs_na,,NA
43 - Dufferin Peel Catholic DSB.xlsx,Monthly Update,4,57,empty_vs_na,,NA
43 - Dufferin Peel Catholic DSB.xlsx,Monthly Update,4,58,empty_vs_na,,NA
43 - Dufferin Peel Catholic DSB.xlsx,Monthly Update,4,59,empty_vs_na,,NA
43 - Dufferin Peel Catholic DSB.xlsx,Monthly Update,4,60,empty_vs_na,,NA
43 - Dufferin Peel Catholic DSB.xlsx,Monthly Update,4,61,empty_vs_na,,NA
43 - Dufferin Peel Catholic DSB.xlsx,Monthly Update,4,62,empty_vs_na,,NA
43 - Dufferin Peel Catholic DSB.xlsx,Monthly Update,4,63,empty_vs_na,,NA
43 - Dufferin Peel Catholic DSB.xlsx,Monthly Update,4,64,empty_vs_na,,NA
43 - Dufferin Peel Catholic DSB.xlsx,Monthly Update,4,65,empty_vs_na,,NA
43 - Dufferin Peel Catholic DSB.xlsx,Monthly Update,4,66,empty_vs_na,,NA
43 - Dufferin Peel Catholic DSB.xlsx,Monthly Update,4,67,empty_vs_na,,NA
43 - Dufferin Peel Catholic DSB.xlsx,Monthly Update,4,68,empty_vs_na,,NA
43 - Dufferin Peel Catholic DSB.xlsx,Monthly Update,4,69,empty_vs_na,,NA
43 - Dufferin Peel Catholic DSB.xlsx,Monthly Update,4,70,empty_vs_na,,NA
43 - Dufferin Peel Catholic DSB.xlsx,Monthly Update,4,71,empty_vs_na,,NA
43 - Dufferin Peel Catholic DSB.xlsx,Monthly Update,4,72,empty_vs_na,,NA
43 - Dufferin Peel Catholic DSB.xlsx,Monthly Update,4,73,empty_vs_na,,NA
43 - Dufferin Peel Catholic DSB.xlsx,Monthly Update,7,71,empty_vs_na,,NA
43 - Dufferin Peel Catholic DSB.xlsx,Monthly Update,7,72,empty_vs_na,,NA
43 - Dufferin Peel Catholic DSB.xlsx,Monthly Update,7,73,empty_vs_na,,NA
43 - Dufferin Peel Catholic DSB.xlsx,Monthly Update,10,8,empty_vs_na,,NA
43 - Dufferin Peel Catholic DSB.xlsx,Monthly Update,10,12,empty_vs_na,,NA
43 - Dufferin Peel Catholic DSB.xlsx,Monthly Update,10,18,empty_vs_na,,NA
43 - Dufferin Peel Catholic DSB.xlsx,Monthly Update,10,20,empty_vs_na,,NA
43 - Dufferin Peel Catholic DSB.xlsx,Monthly Update,10,21,empty_vs_na,,NA
43 - Dufferin Peel Catholic DSB.xlsx,Monthly Update,10,22,empty_vs_na,,NA
43 - Dufferin Peel Catholic DSB.xlsx,Monthly Update,10,23,empty_vs_na,,NA
43 - Dufferin Peel Catholic DSB.xlsx,Monthly Update,10,24,empty_vs_na,,NA
43 - Dufferin Peel Catholic DSB.xlsx,Monthly Update,10,25,empty_vs_na,,NA
44 - Simcoe Muskoka Catholic DSB.xlsx,Basic Project Info,7,3,empty_vs_na,,NA
44 - Simcoe Muskoka Catholic DSB.xlsx,Basic Project Info,7,8,empty_vs_na,,NA
44 - Simcoe Muskoka Catholic DSB.xlsx,Basic Project Info,7,9,empty_vs_na,,NA
44 - Simcoe Muskoka Catholic DSB.xlsx,Basic Project Info,7,10,empty_vs_na,,NA
44 - Simcoe Muskoka Catholic DSB.xlsx,Basic Project Info,7,11,empty_vs_na,,NA
44 - Simcoe Muskoka Catholic DSB.xlsx,Basic Project Info,7,12,empty_vs_na,,NA
44 - Simcoe Muskoka Catholic DSB.xlsx,Basic Project Info,8,3,empty_vs_na,,NA
44 - Simcoe Muskoka Catholic DSB.xlsx,Basic Project Info,8,8,empty_vs_na,,NA
44 - Simcoe Muskoka Catholic DSB.xlsx,Basic Project Info,8,9,empty_vs_na,,NA
44 - Simcoe Muskoka Catholic DSB.xlsx,Basic Project Info,8,10,empty_vs_na,,NA
44 - Simcoe Muskoka Catholic DSB.xlsx,Basic Project Info,8,11,empty_vs_na,,NA
44 - Simcoe Muskoka Catholic DSB.xlsx,Basic Project Info,8,12,empty_vs_na,,NA
44 - Simcoe Muskoka Catholic DSB.xlsx,Basic Project Info,9,3,empty_vs_na,,NA
44 - Simcoe Muskoka Catholic DSB.xlsx,Basic Project Info,9,6,empty_vs_na,,NA
44 - Simcoe Muskoka Catholic DSB.xlsx,Basic Project Info,9,9,empty_vs_na,,NA
44 - Simcoe Muskoka Catholic DSB.xlsx,Basic Project Info,9,10,empty_vs_na,,NA
44 - Simcoe Muskoka Catholic DSB.xlsx,Basic Project Info,9,11,empty_vs_na,,NA
44 - Simcoe Muskoka Catholic DSB.xlsx,Basic Project Info,9,12,empty_vs_na,,NA
44 - Simcoe Muskoka Catholic DSB.xlsx,Basic Project Info,10,3,empty_vs_na,,NA
44 - Simcoe Muskoka Catholic DSB.xlsx,Basic Project Info,10,6,empty_vs_na,,NA
44 - Simcoe Muskoka Catholic DSB.xlsx,Basic Project Info,10,9,empty_vs_na,,NA
44 - Simcoe Muskoka Catholic DSB.xlsx,Basic Project Info,10,10,empty_vs_na,,NA
44 - Simcoe Muskoka Catholic DSB.xlsx,Basic Project Info,10,11,empty_vs_na,,NA
44 - Simcoe Muskoka Catholic DSB.xlsx,Basic Project Info,10,12,empty_vs_na,,NA
44 - Simcoe Muskoka Catholic DSB.xlsx,Basic Project Info,11,3,empty_vs_na,,NA
44 - Simcoe Muskoka Catholic DSB.xlsx,Basic Project Info,11,6,empty_vs_na,,NA
44 - Simcoe Muskoka Catholic DSB.xlsx,Basic Project Info,11,9,empty_vs_na,,NA
44 - Simcoe Muskoka Catholic DSB.xlsx,Basic Project Info,11,10,empty_vs_na,,NA
44 - Simcoe Muskoka Catholic DSB.xlsx,Basic Project Info,11,11,empty_vs_na,,NA
44 - Simcoe Muskoka Catholic DSB.xlsx,Basic Project Info,11,12,empty_vs_na,,NA
44 - Simcoe Muskoka Catholic DSB.xlsx,Basic Project Info,12,3,empty_vs_na,,NA
44 - Simcoe Muskoka Catholic DSB.xlsx,Basic Project Info,12,6,empty_vs_na,,NA
44 - Simcoe Muskoka Catholic DSB.xlsx,Basic Project Info,12,9,empty_vs_na,,NA
44 - Simcoe Muskoka Catholic DSB.xlsx,Basic Project Info,12,10,empty_vs_na,,NA
44 - Simcoe Muskoka Catholic DSB.xlsx,Basic Project Info,12,11,empty_vs_na,,NA
44 - Simcoe Muskoka Catholic DSB.xlsx,Basic Project Info,12,12,empty_vs_na,,NA
44 - Simcoe Muskoka Catholic DSB.xlsx,Basic Project Info,13,3,empty_vs_na,,NA
44 - Simcoe Muskoka Catholic DSB.xlsx,Basic Project Info,13,9,empty_vs_na,,NA
44 - Simcoe Muskoka Catholic DSB.xlsx,Basic Project Info,13,10,empty_vs_na,,NA
44 - Simcoe Muskoka Catholic DSB.xlsx,Basic Project Info,13,11,empty_vs_na,,NA
44 - Simcoe Muskoka Catholic DSB.xlsx,Basic Project Info,13,12,empty_vs_na,,NA
44 - Simcoe Muskoka Catholic DSB.xlsx,Basic Project Info,14,3,empty_vs_na,,NA
44 - Simcoe Muskoka Catholic DSB.xlsx,Basic Project Info,14,9,empty_vs_na,,NA
44 - Simcoe Muskoka Catholic DSB.xlsx,Basic Project Info,14,10,empty_vs_na,,NA
44 - Simcoe Muskoka Catholic DSB.xlsx,Basic Project Info,14,11,empty_vs_na,,NA
44 - Simcoe Muskoka Catholic DSB.xlsx,Basic Project Info,14,12,empty_vs_na,,NA
44 - Simcoe Muskoka Catholic DSB.xlsx,Basic Project Info,15,3,empty_vs_na,,NA
44 - Simcoe Muskoka Catholic DSB.xlsx,Basic Project Info,15,9,empty_vs_na,,NA
44 - Simcoe Muskoka Catholic DSB.xlsx,Basic Project Info,15,10,empty_vs_na,,NA
44 - Simcoe Muskoka Catholic DSB.xlsx,Basic Project Info,15,11,empty_vs_na,,NA
45 - Durham Catholic DSB.xlsx,Basic Project Info,7,3,empty_vs_na,,NA
45 - Durham Catholic DSB.xlsx,Basic Project Info,7,12,empty_vs_na,,NA
45 - Durham Catholic DSB.xlsx,Basic Project Info,8,12,empty_vs_na,,NA
45 - Durham Catholic DSB.xlsx,Basic Project Info,9,3,empty_vs_na,,NA
45 - Durham Catholic DSB.xlsx,Basic Project Info,9,12,empty_vs_na,,NA
45 - Durham Catholic DSB.xlsx,Basic Project Info,10,9,empty_vs_na,,NA
45 - Durham Catholic DSB.xlsx,Basic Project Info,10,10,empty_vs_na,,NA
45 - Durham Catholic DSB.xlsx,Basic Project Info,10,12,empty_vs_na,,NA
45 - Durham Catholic DSB.xlsx,Basic Project Info,11,3,empty_vs_na,,NA
45 - Durham Catholic DSB.xlsx,Basic Project Info,11,11,empty_vs_na,,NA
45 - Durham Catholic DSB.xlsx,Basic Project Info,11,12,empty_vs_na,,NA
45 - Durham Catholic DSB.xlsx,Board Contacts,5,1,empty_vs_na,,NA
45 - Durham Catholic DSB.xlsx,Board Contacts,5,2,empty_vs_na,,NA
45 - Durham Catholic DSB.xlsx,Board Contacts,5,3,empty_vs_na,,NA
45 - Durham Catholic DSB.xlsx,Board Contacts,5,4,empty_vs_na,,NA
45 - Durham Catholic DSB.xlsx,Board Contacts,5,5,empty_vs_na,,NA
45 - Durham Catholic DSB.xlsx,Monthly Update,4,50,empty_vs_na,,NA
45 - Durham Catholic DSB.xlsx,Monthly Update,4,51,empty_vs_na,,NA
45 - Durham Catholic DSB.xlsx,Monthly Update,4,52,empty_vs_na,,NA
45 - Durham Catholic DSB.xlsx,Monthly Update,4,53,empty_vs_na,,NA
45 - Durham Catholic DSB.xlsx,Monthly Update,4,54,empty_vs_na,,NA
45 - Durham Catholic DSB.xlsx,Monthly Update,4,55,empty_vs_na,,NA
45 - Durham Catholic DSB.xlsx,Monthly Update,4,56,empty_vs_na,,NA
45 - Durham Catholic DSB.xlsx,Monthly Update,4,57,empty_vs_na,,NA
45 - Durham Catholic DSB.xlsx,Monthly Update,4,58,empty_vs_na,,NA
45 - Durham Catholic DSB.xlsx,Monthly Update,4,59,empty_vs_na,,NA
45 - Durham Catholic DSB.xlsx,Monthly Update,4,60,empty_vs_na,,NA
45 - Durham Catholic DSB.xlsx,Monthly Update,4,61,empty_vs_na,,NA
45 - Durham Catholic DSB.xlsx,Monthly Update,4,62,empty_vs_na,,NA
45 - Durham Catholic DSB.xlsx,Monthly Update,4,63,empty_vs_na,,NA
45 - Durham Catholic DSB.xlsx,Monthly Update,4,64,empty_vs_na,,NA
45 - Durham Catholic DSB.xlsx,Monthly Update,4,65,empty_vs_na,,NA
45 - Durham Catholic DSB.xlsx,Monthly Update,4,66,empty_vs_na,,NA
45 - Durham Catholic DSB.xlsx,Monthly Update,4,67,empty_vs_na,,NA
45 - Durham Catholic DSB.xlsx,Monthly Update,4,68,empty_vs_na,,NA
45 - Durham Catholic DSB.xlsx,Monthly Update,4,69,empty_vs_na,,NA
45 - Durham Catholic DSB.xlsx,Monthly Update,4,70,empty_vs_na,,NA
45 - Durham Catholic DSB.xlsx,Monthly Update,4,71,empty_vs_na,,NA
45 - Durham Catholic DSB.xlsx,Monthly Update,4,72,empty_vs_na,,NA
45 - Durham Catholic DSB.xlsx,Monthly Update,4,73,empty_vs_na,,NA
45 - Durham Catholic DSB.xlsx,Monthly Update,7,66,empty_vs_na,,NA
45 - Durham Catholic DSB.xlsx,Monthly Update,7,67,empty_vs_na,,NA
45 - Durham Catholic DSB.xlsx,Monthly Update,7,68,empty_vs_na,,NA
45 - Durham Catholic DSB.xlsx,Monthly Update,7,69,empty_vs_na,,NA
45 - Durham Catholic DSB.xlsx,Monthly Update,7,70,empty_vs_na,,NA
45 - Durham Catholic DSB.xlsx,Monthly Update,7,71,empty_vs_na,,NA
45 - Durham Catholic DSB.xlsx,Monthly Update,7,72,empty_vs_na,,NA
45 - Durham Catholic DSB.xlsx,Monthly Update,7,73,empty_vs_na,,NA
45 - Durham Catholic DSB.xlsx,Monthly Update,10,18,empty_vs_na,,NA
45 - Durham Catholic DSB.xlsx,Monthly Update,10,21,empty_vs_na,,NA
47 - Hamilton-Wentworth Catholic DSB.xlsx,Basic Project Info,7,3,empty_vs_na,,NA
47 - Hamilton-Wentworth Catholic DSB.xlsx,Basic Project Info,7,11,empty_vs_na,,NA
47 - Hamilton-Wentworth Catholic DSB.xlsx,Basic Project Info,7,12,empty_vs_na,,NA
47 - Hamilton-Wentworth Catholic DSB.xlsx,Basic Project Info,8,3,empty_vs_na,,NA
47 - Hamilton-Wentworth Catholic DSB.xlsx,Basic Project Info,8,11,empty_vs_na,,NA
47 - Hamilton-Wentworth Catholic DSB.xlsx,Basic Project Info,8,12,empty_vs_na,,NA
47 - Hamilton-Wentworth Catholic DSB.xlsx,Basic Project Info,9,3,empty_vs_na,,NA
47 - Hamilton-Wentworth Catholic DSB.xlsx,Basic Project Info,9,11,empty_vs_na,,NA
47 - Hamilton-Wentworth Catholic DSB.xlsx,Basic Project Info,9,12,empty_vs_na,,NA
47 - Hamilton-Wentworth Catholic DSB.xlsx,Basic Project Info,10,3,empty_vs_na,,NA
47 - Hamilton-Wentworth Catholic DSB.xlsx,Basic Project Info,10,11,empty_vs_na,,NA
47 - Hamilton-Wentworth Catholic DSB.xlsx,Basic Project Info,10,12,empty_vs_na,,NA
47 - Hamilton-Wentworth Catholic DSB.xlsx,Basic Project Info,11,3,empty_vs_na,,NA
47 - Hamilton-Wentworth Catholic DSB.xlsx,Basic Project Info,11,11,empty_vs_na,,NA
47 - Hamilton-Wentworth Catholic DSB.xlsx,Basic Project Info,11,12,empty_vs_na,,NA
47 - Hamilton-Wentworth Catholic DSB.xlsx,Basic Project Info,12,3,empty_vs_na,,NA
47 - Hamilton-Wentworth Catholic DSB.xlsx,Basic Project Info,12,11,empty_vs_na,,NA
47 - Hamilton-Wentworth Catholic DSB.xlsx,Basic Project Info,12,12,empty_vs_na,,NA
47 - Hamilton-Wentworth Catholic DSB.xlsx,Board Contacts,6,5,empty_vs_na,,NA
47 - Hamilton-Wentworth Catholic DSB.xlsx,Board Contacts,7,5,empty_vs_na,,NA
47 - Hamilton-Wentworth Catholic DSB.xlsx,Monthly Update,4,50,empty_vs_na,,NA
47 - Hamilton-Wentworth Catholic DSB.xlsx,Monthly Update,4,51,empty_vs_na,,NA
47 - Hamilton-Wentworth Catholic DSB.xlsx,Monthly Update,4,52,empty_vs_na,,NA
47 - Hamilton-Wentworth Catholic DSB.xlsx,Monthly Update,4,53,empty_vs_na,,NA
47 - Hamilton-Wentworth Catholic DSB.xlsx,Monthly Update,4,54,empty_vs_na,,NA
47 - Hamilton-Wentworth Catholic DSB.xlsx,Monthly Update,4,55,empty_vs_na,,NA
47 - Hamilton-Wentworth Catholic DSB.xlsx,Monthly Update,4,56,empty_vs_na,,NA
47 - Hamilton-Wentworth Catholic DSB.xlsx,Monthly Update,4,57,empty_vs_na,,NA
47 - Hamilton-Wentworth Catholic DSB.xlsx,Monthly Update,4,58,empty_vs_na,,NA
47 - Hamilton-Wentworth Catholic DSB.xlsx,Monthly Update,4,59,empty_vs_na,,NA
47 - Hamilton-Wentworth Catholic DSB.xlsx,Monthly Update,4,60,empty_vs_na,,NA
47 - Hamilton-Wentworth Catholic DSB.xlsx,Monthly Update,4,61,empty_vs_na,,NA
47 - Hamilton-Wentworth Catholic DSB.xlsx,Monthly Update,4,62,empty_vs_na,,NA
47 - Hamilton-Wentworth Catholic DSB.xlsx,Monthly Update,4,63,empty_vs_na,,NA
47 - Hamilton-Wentworth Catholic DSB.xlsx,Monthly Update,4,64,empty_vs_na,,NA
47 - Hamilton-Wentworth Catholic DSB.xlsx,Monthly Update,4,65,empty_vs_na,,NA
47 - Hamilton-Wentworth Catholic DSB.xlsx,Monthly Update,4,66,empty_vs_na,,NA
47 - Hamilton-Wentworth Catholic DSB.xlsx,Monthly Update,4,67,empty_vs_na,,NA
47 - Hamilton-Wentworth Catholic DSB.xlsx,Monthly Update,4,68,empty_vs_na,,NA
47 - Hamilton-Wentworth Catholic DSB.xlsx,Monthly Update,4,69,empty_vs_na,,NA
47 - Hamilton-Wentworth Catholic DSB.xlsx,Monthly Update,4,70,empty_vs_na,,NA
47 - Hamilton-Wentworth Catholic DSB.xlsx,Monthly Update,4,71,empty_vs_na,,NA
47 - Hamilton-Wentworth Catholic DSB.xlsx,Monthly Update,4,72,empty_vs_na,,NA
47 - Hamilton-Wentworth Catholic DSB.xlsx,Monthly Update,4,73,empty_vs_na,,NA
47 - Hamilton-Wentworth Catholic DSB.xlsx,Monthly Update,7,66,empty_vs_na,,NA
47 - Hamilton-Wentworth Catholic DSB.xlsx,Monthly Update,7,67,empty_vs_na,,NA
47 - Hamilton-Wentworth Catholic DSB.xlsx,Monthly Update,7,68,empty_vs_na,,NA
47 - Hamilton-Wentworth Catholic DSB.xlsx,Monthly Update,7,69,empty_vs_na,,NA
47 - Hamilton-Wentworth Catholic DSB.xlsx,Monthly Update,7,70,empty_vs_na,,NA
47 - Hamilton-Wentworth Catholic DSB.xlsx,Monthly Update,7,71,empty_vs_na,,NA
48 - Wellington Catholic DSB.xlsx,Basic Project Info,7,3,empty_vs_na,,NA
48 - Wellington Catholic DSB.xlsx,Basic Project Info,7,11,empty_vs_na,,NA
48 - Wellington Catholic DSB.xlsx,Basic Project Info,7,12,empty_vs_na,,NA
48 - Wellington Catholic DSB.xlsx,Basic Project Info,8,3,empty_vs_na,,NA
48 - Wellington Catholic DSB.xlsx,Basic Project Info,8,11,empty_vs_na,,NA
48 - Wellington Catholic DSB.xlsx,Basic Project Info,8,12,empty_vs_na,,NA
48 - Wellington Catholic DSB.xlsx,Basic Project Info,9,3,empty_vs_na,,NA
48 - Wellington Catholic DSB.xlsx,Basic Project Info,9,9,empty_vs_na,,NA
48 - Wellington Catholic DSB.xlsx,Basic Project Info,9,10,empty_vs_na,,NA
48 - Wellington Catholic DSB.xlsx,Basic Project Info,9,11,empty_vs_na,,NA
48 - Wellington Catholic DSB.xlsx,Basic Project Info,9,12,empty_vs_na,,NA
48 - Wellington Catholic DSB.xlsx,Basic Project Info,10,3,empty_vs_na,,NA
48 - Wellington Catholic DSB.xlsx,Basic Project Info,10,11,empty_vs_na,,NA
48 - Wellington Catholic DSB.xlsx,Basic Project Info,10,12,empty_vs_na,,NA
48 - Wellington Catholic DSB.xlsx,Basic Project Info,11,3,empty_vs_na,,NA
48 - Wellington Catholic DSB.xlsx,Basic Project Info,11,11,empty_vs_na,,NA
48 - Wellington Catholic DSB.xlsx,Basic Project Info,11,12,empty_vs_na,,NA
48 - Wellington Catholic DSB.xlsx,Monthly Update,4,50,empty_vs_na,,NA
48 - Wellington Catholic DSB.xlsx,Monthly Update,4,51,empty_vs_na,,NA
48 - Wellington Catholic DSB.xlsx,Monthly Update,4,52,empty_vs_na,,NA
48 - Wellington Catholic DSB.xlsx,Monthly Update,4,53,empty_vs_na,,NA
48 - Wellington Catholic DSB.xlsx,Monthly Update,4,54,empty_vs_na,,NA
48 - Wellington Catholic DSB.xlsx,Monthly Update,4,55,empty_vs_na,,NA
48 - Wellington Catholic DSB.xlsx,Monthly Update,4,56,empty_vs_na,,NA
48 - Wellington Catholic DSB.xlsx,Monthly Update,4,57,empty_vs_na,,NA
48 - Wellington Catholic DSB.xlsx,Monthly Update,4,58,empty_vs_na,,NA
48 - Wellington Catholic DSB.xlsx,Monthly Update,4,59,empty_vs_na,,NA
48 - Wellington Catholic DSB.xlsx,Monthly Update,4,60,empty_vs_na,,NA
48 - Wellington Catholic DSB.xlsx,Monthly Update,4,61,empty_vs_na,,NA
48 - Wellington Catholic DSB.xlsx,Monthly Update,4,62,empty_vs_na,,NA
48 - Wellington Catholic DSB.xlsx,Monthly Update,4,63,empty_vs_na,,NA
48 - Wellington Catholic DSB.xlsx,Monthly Update,4,64,empty_vs_na,,NA
48 - Wellington Catholic DSB.xlsx,Monthly Update,4,65,empty_vs_na,,NA
48 - Wellington Catholic DSB.xlsx,Monthly Update,4,66,empty_vs_na,,NA
48 - Wellington Catholic DSB.xlsx,Monthly Update,4,67,empty_vs_na,,NA
48 - Wellington Catholic DSB.xlsx,Monthly Update,4,68,empty_vs_na,,NA
48 - Wellington Catholic DSB.xlsx,Monthly Update,4,69,empty_vs_na,,NA
48 - Wellington Catholic DSB.xlsx,Monthly Update,4,70,empty_vs_na,,NA
48 - Wellington Catholic DSB.xlsx,Monthly Update,4,71,empty_vs_na,,NA
48 - Wellington Catholic DSB.xlsx,Monthly Update,4,72,empty_vs_na,,NA
48 - Wellington Catholic DSB.xlsx,Monthly Update,4,73,empty_vs_na,,NA
48 - Wellington Catholic DSB.xlsx,Monthly Update,7,60,empty_vs_na,,NA
48 - Wellington Catholic DSB.xlsx,Monthly Update,7,61,empty_vs_na,,NA
48 - Wellington Catholic DSB.xlsx,Monthly Update,7,62,empty_vs_na,,NA
48 - Wellington Catholic DSB.xlsx,Monthly Update,7,63,empty_vs_na,,NA
48 - Wellington Catholic DSB.xlsx,Monthly Update,7,64,empty_vs_na,,NA
48 - Wellington Catholic DSB.xlsx,Monthly Update,7,65,empty_vs_na,,NA
48 - Wellington Catholic DSB.xlsx,Monthly Update,7,66,empty_vs_na,,NA
48 - Wellington Catholic DSB.xlsx,Monthly Update,7,67,empty_vs_na,,NA
48 - Wellington Catholic DSB.xlsx,Monthly Update,7,68,empty_vs_na,,NA
49 - Waterloo Catholic DSB.xlsx,Basic Project Info,7,3,empty_vs_na,,NA
49 - Waterloo Catholic DSB.xlsx,Basic Project Info,7,8,empty_vs_na,,NA
49 - Waterloo Catholic DSB.xlsx,Basic Project Info,7,11,empty_vs_na,,NA
49 - Waterloo Catholic DSB.xlsx,Basic Project Info,7,12,empty_vs_na,,NA
49 - Waterloo Catholic DSB.xlsx,Basic Project Info,8,6,empty_vs_na,,NA
49 - Waterloo Catholic DSB.xlsx,Basic Project Info,8,8,empty_vs_na,,NA
49 - Waterloo Catholic DSB.xlsx,Basic Project Info,8,9,empty_vs_na,,NA
49 - Waterloo Catholic DSB.xlsx,Basic Project Info,8,10,empty_vs_na,,NA
49 - Waterloo Catholic DSB.xlsx,Basic Project Info,8,11,empty_vs_na,,NA
49 - Waterloo Catholic DSB.xlsx,Basic Project Info,8,12,empty_vs_na,,NA
49 - Waterloo Catholic DSB.xlsx,Basic Project Info,9,6,empty_vs_na,,NA
49 - Waterloo Catholic DSB.xlsx,Basic Project Info,9,8,empty_vs_na,,NA
49 - Waterloo Catholic DSB.xlsx,Basic Project Info,9,9,empty_vs_na,,NA
49 - Waterloo Catholic DSB.xlsx,Basic Project Info,9,10,empty_vs_na,,NA
49 - Waterloo Catholic DSB.xlsx,Basic Project Info,9,11,empty_vs_na,,NA
49 - Waterloo Catholic DSB.xlsx,Basic Project Info,9,12,empty_vs_na,,NA
49 - Waterloo Catholic DSB.xlsx,Basic Project Info,10,8,empty_vs_na,,NA
49 - Waterloo Catholic DSB.xlsx,Basic Project Info,10,9,empty_vs_na,,NA
49 - Waterloo Catholic DSB.xlsx,Basic Project Info,10,10,empty_vs_na,,NA
49 - Waterloo Catholic DSB.xlsx,Basic Project Info,10,11,empty_vs_na,,NA
49 - Waterloo Catholic DSB.xlsx,Basic Project Info,10,12,empty_vs_na,,NA
49 - Waterloo Catholic DSB.xlsx,Basic Project Info,11,3,empty_vs_na,,NA
49 - Waterloo Catholic DSB.xlsx,Basic Project Info,11,8,empty_vs_na,,NA
49 - Waterloo Catholic DSB.xlsx,Basic Project Info,11,11,empty_vs_na,,NA
49 - Waterloo Catholic DSB.xlsx,Basic Project Info,11,12,empty_vs_na,,NA
49 - Waterloo Catholic DSB.xlsx,Basic Project Info,12,3,empty_vs_na,,NA
49 - Waterloo Catholic DSB.xlsx,Basic Project Info,12,6,empty_vs_na,,NA
49 - Waterloo Catholic DSB.xlsx,Basic Project Info,12,9,empty_vs_na,,NA
49 - Waterloo Catholic DSB.xlsx,Basic Project Info,12,10,empty_vs_na,,NA
49 - Waterloo Catholic DSB.xlsx,Basic Project Info,12,11,empty_vs_na,,NA
49 - Waterloo Catholic DSB.xlsx,Basic Project Info,12,12,empty_vs_na,,NA
49 - Waterloo Catholic DSB.xlsx,Basic Project Info,13,3,empty_vs_na,,NA
49 - Waterloo Catholic DSB.xlsx,Basic Project Info,13,11,empty_vs_na,,NA
49 - Waterloo Catholic DSB.xlsx,Basic Project Info,13,12,empty_vs_na,,NA
49 - Waterloo Catholic DSB.xlsx,Basic Project Info,14,3,empty_vs_na,,NA
49 - Waterloo Catholic DSB.xlsx,Basic Project Info,14,11,empty_vs_na,,NA
49 - Waterloo Catholic DSB.xlsx,Basic Project Info,14,12,empty_vs_na,,NA
49 - Waterloo Catholic DSB.xlsx,Basic Project Info,15,3,empty_vs_na,,NA
49 - Waterloo Catholic DSB.xlsx,Basic Project Info,15,11,empty_vs_na,,NA
49 - Waterloo Catholic DSB.xlsx,Basic Project Info,15,12,empty_vs_na,,NA
49 - Waterloo Catholic DSB.xlsx,Basic Project Info,16,3,empty_vs_na,,NA
49 - Waterloo Catholic DSB.xlsx,Basic Project Info,16,11,empty_vs_na,,NA
49 - Waterloo Catholic DSB.xlsx,Basic Project Info,16,12,empty_vs_na,,NA
49 - Waterloo Catholic DSB.xlsx,Basic Project Info,17,3,empty_vs_na,,NA
49 - Waterloo Catholic DSB.xlsx,Basic Project Info,17,11,empty_vs_na,,NA
49 - Waterloo Catholic DSB.xlsx,Basic Project Info,17,12,empty_vs_na,,NA
49 - Waterloo Catholic DSB.xlsx,Basic Project Info,18,3,empty_vs_na,,NA
49 - Waterloo Catholic DSB.xlsx,Basic Project Info,18,11,empty_vs_na,,NA
49 - Waterloo Catholic DSB.xlsx,Basic Project Info,18,12,empty_vs_na,,NA
49 - Waterloo Catholic DSB.xlsx,Basic Project Info,19,3,empty_vs_na,,NA
5.1 - Keewatin-Patricia DSB.xlsx,Basic Project Info,7,3,empty_vs_na,,NA
5.1 - Keewatin-Patricia DSB.xlsx,Basic Project Info,7,9,empty_vs_na,,NA
5.1 - Keewatin-Patricia DSB.xlsx,Basic Project Info,7,10,empty_vs_na,,NA
5.1 - Keewatin-Patricia DSB.xlsx,Basic Project Info,7,12,empty_vs_na,,NA
5.1 - Keewatin-Patricia DSB.xlsx,Basic Project Info,8,3,empty_vs_na,,NA
5.1 - Keewatin-Patricia DSB.xlsx,Basic Project Info,8,11,empty_vs_na,,NA
5.1 - Keewatin-Patricia DSB.xlsx,Basic Project Info,8,12,empty_vs_na,,NA
5.1 - Keewatin-Patricia DSB.xlsx,Errors,10,1,empty_vs_na,NA,
5.1 - Keewatin-Patricia DSB.xlsx,Errors,10,2,empty_vs_na,NA,
5.1 - Keewatin-Patricia DSB.xlsx,Errors,10,3,empty_vs_na,NA,
5.1 - Keewatin-Patricia DSB.xlsx,Errors,10,4,empty_vs_na,NA,
5.1 - Keewatin-Patricia DSB.xlsx,Errors,10,5,empty_vs_na,NA,
5.1 - Keewatin-Patricia DSB.xlsx,Errors,10,6,empty_vs_na,NA,
5.1 - Keewatin-Patricia DSB.xlsx,Errors,10,7,empty_vs_na,NA,
5.1 - Keewatin-Patricia DSB.xlsx,Errors,10,8,empty_vs_na,NA,
5.1 - Keewatin-Patricia DSB.xlsx,Errors,10,9,empty_vs_na,NA,
5.1 - Keewatin-Patricia DSB.xlsx,Errors,10,10,empty_vs_na,NA,
5.1 - Keewatin-Patricia DSB.xlsx,Errors,10,11,empty_vs_na,NA,
5.1 - Keewatin-Patricia DSB.xlsx,Errors,10,12,empty_vs_na,NA,
5.1 - Keewatin-Patricia DSB.xlsx,Errors,10,13,empty_vs_na,NA,
5.1 - Keewatin-Patricia DSB.xlsx,Errors,10,14,empty_vs_na,NA,
5.1 - Keewatin-Patricia DSB.xlsx,Errors,10,15,empty_vs_na,NA,
5.1 - Keewatin-Patricia DSB.xlsx,Errors,10,16,empty_vs_na,NA,
5.1 - Keewatin-Patricia DSB.xlsx,Errors,10,17,empty_vs_na,NA,
5.1 - Keewatin-Patricia DSB.xlsx,Errors,10,18,empty_vs_na,NA,
5.1 - Keewatin-Patricia DSB.xlsx,Errors,10,19,empty_vs_na,NA,
5.1 - Keewatin-Patricia DSB.xlsx,Errors,10,20,empty_vs_na,NA,
5.1 - Keewatin-Patricia DSB.xlsx,Errors,10,21,empty_vs_na,NA,
5.1 - Keewatin-Patricia DSB.xlsx,Errors,10,22,empty_vs_na,NA,
5.1 - Keewatin-Patricia DSB.xlsx,Errors,10,23,empty_vs_na,NA,
5.1 - Keewatin-Patricia DSB.xlsx,Errors,10,24,empty_vs_na,NA,
5.1 - Keewatin-Patricia DSB.xlsx,Errors,10,25,empty_vs_na,NA,
5.1 - Keewatin-Patricia DSB.xlsx,Errors,10,26,empty_vs_na,NA,
5.1 - Keewatin-Patricia DSB.xlsx,Errors,10,27,empty_vs_na,NA,
5.1 - Keewatin-Patricia DSB.xlsx,Errors,10,28,empty_vs_na,NA,
5.1 - Keewatin-Patricia DSB.xlsx,Errors,10,29,empty_vs_na,NA,
5.1 - Keewatin-Patricia DSB.xlsx,Errors,10,30,empty_vs_na,NA,
5.1 - Keewatin-Patricia DSB.xlsx,Errors,10,31,empty_vs_na,NA,
5.1 - Keewatin-Patricia DSB.xlsx,Errors,10,32,empty_vs_na,NA,
5.1 - Keewatin-Patricia DSB.xlsx,Errors,10,33,empty_vs_na,NA,
5.1 - Keewatin-Patricia DSB.xlsx,Errors,10,34,empty_vs_na,NA,
5.1 - Keewatin-Patricia DSB.xlsx,Errors,10,35,empty_vs_na,NA,
5.1 - Keewatin-Patricia DSB.xlsx,Errors,10,36,empty_vs_na,NA,
5.1 - Keewatin-Patricia DSB.xlsx,Errors,10,37,empty_vs_na,NA,
5.1 - Keewatin-Patricia DSB.xlsx,Errors,10,38,empty_vs_na,NA,
5.1 - Keewatin-Patricia DSB.xlsx,Errors,10,39,empty_vs_na,NA,
5.1 - Keewatin-Patricia DSB.xlsx,Errors,10,40,empty_vs_na,NA,
5.1 - Keewatin-Patricia DSB.xlsx,Errors,10,41,empty_vs_na,NA,
5.1 - Keewatin-Patricia DSB.xlsx,Errors,10,42,empty_vs_na,NA,
5.1 - Keewatin-Patricia DSB.xlsx,Errors,10,43,empty_vs_na,NA,
5.2 - Rainy River DSB.xlsx,Basic Project Info,7,12,empty_vs_na,,NA
5.2 - Rainy River DSB.xlsx,Basic Project Info,8,3,empty_vs_na,,NA
5.2 - Rainy River DSB.xlsx,Basic Project Info,8,12,empty_vs_na,,NA
5.2 - Rainy River DSB.xlsx,Board Contacts,6,5,empty_vs_na,,NA
5.2 - Rainy River DSB.xlsx,Monthly Update,4,53,empty_vs_na,,NA
5.2 - Rainy River DSB.xlsx,Monthly Update,4,54,empty_vs_na,,NA
5.2 - Rainy River DSB.xlsx,Monthly Update,4,55,empty_vs_na,,NA
5.2 - Rainy River DSB.xlsx,Monthly Update,4,56,empty_vs_na,,NA
5.2 - Rainy River DSB.xlsx,Monthly Update,4,57,empty_vs_na,,NA
5.2 - Rainy River DSB.xlsx,Monthly Update,4,58,empty_vs_na,,NA
5.2 - Rainy River DSB.xlsx,Monthly Update,4,59,empty_vs_na,,NA
5.2 - Rainy River DSB.xlsx,Monthly Update,4,60,empty_vs_na,,NA
5.2 - Rainy River DSB.xlsx,Monthly Update,4,61,empty_vs_na,,NA
5.2 - Rainy River DSB.xlsx,Monthly Update,4,62,empty_vs_na,,NA
5.2 - Rainy River DSB.xlsx,Monthly Update,4,63,empty_vs_na,,NA
5.2 - Rainy River DSB.xlsx,Monthly Update,4,64,empty_vs_na,,NA
5.2 - Rainy River DSB.xlsx,Monthly Update,4,65,empty_vs_na,,NA
5.2 - Rainy River DSB.xlsx,Monthly Update,4,66,empty_vs_na,,NA
5.2 - Rainy River DSB.xlsx,Monthly Update,4,67,empty_vs_na,,NA
5.2 - Rainy River DSB.xlsx,Monthly Update,4,68,empty_vs_na,,NA
5.2 - Rainy River DSB.xlsx,Monthly Update,4,69,empty_vs_na,,NA
5.2 - Rainy River DSB.xlsx,Monthly Update,4,70,empty_vs_na,,NA
5.2 - Rainy River DSB.xlsx,Monthly Update,4,71,empty_vs_na,,NA
5.2 - Rainy River DSB.xlsx,Monthly Update,4,72,empty_vs_na,,NA
5.2 - Rainy River DSB.xlsx,Monthly Update,4,73,empty_vs_na,,NA
5.2 - Rainy River DSB.xlsx,Monthly Update,7,67,empty_vs_na,,NA
5.2 - Rainy River DSB.xlsx,Monthly Update,7,68,empty_vs_na,,NA
5.2 - Rainy River DSB.xlsx,Monthly Update,7,69,empty_vs_na,,NA
5.2 - Rainy River DSB.xlsx,Monthly Update,7,70,empty_vs_na,,NA
5.2 - Rainy River DSB.xlsx,Monthly Update,7,71,empty_vs_na,,NA
5.2 - Rainy River DSB.xlsx,Monthly Update,7,72,empty_vs_na,,NA
5.2 - Rainy River DSB.xlsx,Monthly Update,7,73,empty_vs_na,,NA
5.2 - Rainy River DSB.xlsx,Monthly Update,10,18,empty_vs_na,,NA
5.2 - Rainy River DSB.xlsx,Monthly Update,10,22,empty_vs_na,,NA
5.2 - Rainy River DSB.xlsx,Monthly Update,10,25,empty_vs_na,,NA
5.2 - Rainy River DSB.xlsx,Monthly Update,10,27,empty_vs_na,,NA
5.2 - Rainy River DSB.xlsx,Monthly Update,10,32,empty_vs_na,,NA
5.2 - Rainy River DSB.xlsx,Monthly Update,10,34,empty_vs_na,,NA
5.2 - Rainy River DSB.xlsx,Monthly Update,10,36,empty_vs_na,,NA
5.2 - Rainy River DSB.xlsx,Monthly Update,10,38,empty_vs_na,,NA
5.2 - Rainy River DSB.xlsx,Monthly Update,10,42,empty_vs_na,,NA
5.2 - Rainy River DSB.xlsx,Monthly Update,10,43,empty_vs_na,,NA
5.2 - Rainy River DSB.xlsx,Monthly Update,10,44,empty_vs_na,,NA
5.2 - Rainy River DSB.xlsx,Monthly Update,10,47,empty_vs_na,,NA
5.2 - Rainy River DSB.xlsx,Monthly Update,10,48,empty_vs_na,,NA
5.2 - Rainy River DSB.xlsx,Monthly Update,10,49,empty_vs_na,,NA
5.2 - Rainy River DSB.xlsx,Monthly Update,10,50,empty_vs_na,,NA
5.2 - Rainy River DSB.xlsx,Monthly Update,10,53,empty_vs_na,,NA
5.2 - Rainy River DSB.xlsx,Monthly Update,10,55,empty_vs_na,,NA
5.2 - Rainy River DSB.xlsx,Monthly Update,10,60,empty_vs_na,,NA
50 - Niagara Catholic DSB.xlsx,Basic Project Info,7,3,empty_vs_na,,NA
50 - Niagara Catholic DSB.xlsx,Basic Project Info,7,11,empty_vs_na,,NA
50 - Niagara Catholic DSB.xlsx,Basic Project Info,8,11,empty_vs_na,,NA
50 - Niagara Catholic DSB.xlsx,Basic Project Info,8,12,empty_vs_na,,NA
50 - Niagara Catholic DSB.xlsx,Basic Project Info,9,11,empty_vs_na,,NA
50 - Niagara Catholic DSB.xlsx,Basic Project Info,9,12,empty_vs_na,,NA
50 - Niagara Catholic DSB.xlsx,Basic Project Info,10,3,empty_vs_na,,NA
50 - Niagara Catholic DSB.xlsx,Basic Project Info,10,11,empty_vs_na,,NA
50 - Niagara Catholic DSB.xlsx,Basic Project Info,10,12,empty_vs_na,,NA
50 - Niagara Catholic DSB.xlsx,Basic Project Info,11,3,empty_vs_na,,NA
50 - Niagara Catholic DSB.xlsx,Basic Project Info,11,11,empty_vs_na,,NA
50 - Niagara Catholic DSB.xlsx,Basic Project Info,11,12,empty_vs_na,,NA
50 - Niagara Catholic DSB.xlsx,Board Contacts,5,5,empty_vs_na,,NA
50 - Niagara Catholic DSB.xlsx,Board Contacts,6,5,empty_vs_na,,NA
50 - Niagara Catholic DSB.xlsx,Board Contacts,7,5,empty_vs_na,,NA
50 - Niagara Catholic DSB.xlsx,Board Contacts,8,5,empty_vs_na,,NA
50 - Niagara Catholic DSB.xlsx,Board Contacts,9,3,empty_vs_na,,NA
50 - Niagara Catholic DSB.xlsx,Board Contacts,9,5,empty_vs_na,,NA
50 - Niagara Catholic DSB.xlsx,Board Contacts,10,5,empty_vs_na,,NA
50 - Niagara Catholic DSB.xlsx,Monthly Update,4,51,empty_vs_na,,NA
50 - Niagara Catholic DSB.xlsx,Monthly Update,4,52,empty_vs_na,,NA
50 - Niagara Catholic DSB.xlsx,Monthly Update,4,53,empty_vs_na,,NA
50 - Niagara Catholic DSB.xlsx,Monthly Update,4,54,empty_vs_na,,NA
50 - Niagara Catholic DSB.xlsx,Monthly Update,4,55,empty_vs_na,,NA
50 - Niagara Catholic DSB.xlsx,Monthly Update,4,56,empty_vs_na,,NA
50 - Niagara Catholic DSB.xlsx,Monthly Update,4,57,empty_vs_na,,NA
50 - Niagara Catholic DSB.xlsx,Monthly Update,4,58,empty_vs_na,,NA
50 - Niagara Catholic DSB.xlsx,Monthly Update,4,59,empty_vs_na,,NA
50 - Niagara Catholic DSB.xlsx,Monthly Update,4,60,empty_vs_na,,NA
50 - Niagara Catholic DSB.xlsx,Monthly Update,4,61,empty_vs_na,,NA
50 - Niagara Catholic DSB.xlsx,Monthly Update,4,62,empty_vs_na,,NA
50 - Niagara Catholic DSB.xlsx,Monthly Update,4,63,empty_vs_na,,NA
50 - Niagara Catholic DSB.xlsx,Monthly Update,4,64,empty_vs_na,,NA
50 - Niagara Catholic DSB.xlsx,Monthly Update,4,65,empty_vs_na,,NA
50 - Niagara Catholic DSB.xlsx,Monthly Update,4,66,empty_vs_na,,NA
50 - Niagara Catholic DSB.xlsx,Monthly Update,4,67,empty_vs_na,,NA
50 - Niagara Catholic DSB.xlsx,Monthly Update,4,68,empty_vs_na,,NA
50 - Niagara Catholic DSB.xlsx,Monthly Update,4,69,empty_vs_na,,NA
50 - Niagara Catholic DSB.xlsx,Monthly Update,4,70,empty_vs_na,,NA
50 - Niagara Catholic DSB.xlsx,Monthly Update,4,71,empty_vs_na,,NA
50 - Niagara Catholic DSB.xlsx,Monthly Update,4,72,empty_vs_na,,NA
50 - Niagara Catholic DSB.xlsx,Monthly Update,4,73,empty_vs_na,,NA
50 - Niagara Catholic DSB.xlsx,Monthly Update,7,69,empty_vs_na,,NA
50 - Niagara Catholic DSB.xlsx,Monthly Update,7,70,empty_vs_na,,NA
50 - Niagara Catholic DSB.xlsx,Monthly Update,7,71,empty_vs_na,,NA
50 - Niagara Catholic DSB.xlsx,Monthly Update,7,72,empty_vs_na,,NA
50 - Niagara Catholic DSB.xlsx,Monthly Update,7,73,empty_vs_na,,NA
50 - Niagara Catholic DSB.xlsx,Monthly Update,10,8,empty_vs_na,,NA
50 - Niagara Catholic DSB.xlsx,Monthly Update,10,12,empty_vs_na,,NA
50 - Niagara Catholic DSB.xlsx,Monthly Update,10,18,empty_vs_na,,NA
51 - Brant Haldimand Norfolk Catholic DSB.xlsx,Basic Project Info,7,8,empty_vs_na,,NA
51 - Brant Haldimand Norfolk Catholic DSB.xlsx,Basic Project Info,8,6,empty_vs_na,,NA
51 - Brant Haldimand Norfolk Catholic DSB.xlsx,Basic Project Info,8,9,empty_vs_na,,NA
51 - Brant Haldimand Norfolk Catholic DSB.xlsx,Basic Project Info,8,10,empty_vs_na,,NA
51 - Brant Haldimand Norfolk Catholic DSB.xlsx,Basic Project Info,8,12,empty_vs_na,,NA
51 - Brant Haldimand Norfolk Catholic DSB.xlsx,Basic Project Info,9,9,empty_vs_na,,NA
51 - Brant Haldimand Norfolk Catholic DSB.xlsx,Basic Project Info,9,10,empty_vs_na,,NA
51 - Brant Haldimand Norfolk Catholic DSB.xlsx,Basic Project Info,9,12,empty_vs_na,,NA
51 - Brant Haldimand Norfolk Catholic DSB.xlsx,Basic Project Info,10,9,empty_vs_na,,NA
51 - Brant Haldimand Norfolk Catholic DSB.xlsx,Basic Project Info,10,10,empty_vs_na,,NA
51 - Brant Haldimand Norfolk Catholic DSB.xlsx,Basic Project Info,10,12,empty_vs_na,,NA
51 - Brant Haldimand Norfolk Catholic DSB.xlsx,Board Contacts,5,3,empty_vs_na,,NA
51 - Brant Haldimand Norfolk Catholic DSB.xlsx,Monthly Update,4,54,empty_vs_na,,NA
51 - Brant Haldimand Norfolk Catholic DSB.xlsx,Monthly Update,4,56,empty_vs_na,,NA
51 - Brant Haldimand Norfolk Catholic DSB.xlsx,Monthly Update,4,57,empty_vs_na,,NA
51 - Brant Haldimand Norfolk Catholic DSB.xlsx,Monthly Update,4,58,empty_vs_na,,NA
51 - Brant Haldimand Norfolk Catholic DSB.xlsx,Monthly Update,4,59,empty_vs_na,,NA
51 - Brant Haldimand Norfolk Catholic DSB.xlsx,Monthly Update,4,60,empty_vs_na,,NA
51 - Brant Haldimand Norfolk Catholic DSB.xlsx,Monthly Update,4,61,empty_vs_na,,NA
51 - Brant Haldimand Norfolk Catholic DSB.xlsx,Monthly Update,4,62,empty_vs_na,,NA
51 - Brant Haldimand Norfolk Catholic DSB.xlsx,Monthly Update,4,63,empty_vs_na,,NA
51 - Brant Haldimand Norfolk Catholic DSB.xlsx,Monthly Update,4,64,empty_vs_na,,NA
51 - Brant Haldimand Norfolk Catholic DSB.xlsx,Monthly Update,4,65,empty_vs_na,,NA
51 - Brant Haldimand Norfolk Catholic DSB.xlsx,Monthly Update,4,66,empty_vs_na,,NA
51 - Brant Haldimand Norfolk Catholic DSB.xlsx,Monthly Update,4,67,empty_vs_na,,NA
51 - Brant Haldimand Norfolk Catholic DSB.xlsx,Monthly Update,4,68,empty_vs_na,,NA
51 - Brant Haldimand Norfolk Catholic DSB.xlsx,Monthly Update,4,69,empty_vs_na,,NA
51 - Brant Haldimand Norfolk Catholic DSB.xlsx,Monthly Update,4,70,empty_vs_na,,NA
51 - Brant Haldimand Norfolk Catholic DSB.xlsx,Monthly Update,4,71,empty_vs_na,,NA
51 - Brant Haldimand Norfolk Catholic DSB.xlsx,Monthly Update,4,72,empty_vs_na,,NA
51 - Brant Haldimand Norfolk Catholic DSB.xlsx,Monthly Update,4,73,empty_vs_na,,NA
51 - Brant Haldimand Norfolk Catholic DSB.xlsx,Monthly Update,7,70,empty_vs_na,,NA
51 - Brant Haldimand Norfolk Catholic DSB.xlsx,Monthly Update,7,71,empty_vs_na,,NA
51 - Brant Haldimand Norfolk Catholic DSB.xlsx,Monthly Update,7,72,empty_vs_na,,NA
51 - Brant Haldimand Norfolk Catholic DSB.xlsx,Monthly Update,7,73,empty_vs_na,,NA
51 - Brant Haldimand Norfolk Catholic DSB.xlsx,Monthly Update,10,8,empty_vs_na,,NA
51 - Brant Haldimand Norfolk Catholic DSB.xlsx,Monthly Update,10,12,empty_vs_na,,NA
51 - Brant Haldimand Norfolk Catholic DSB.xlsx,Monthly Update,10,18,empty_vs_na,,NA
51 - Brant Haldimand Norfolk Catholic DSB.xlsx,Monthly Update,10,21,empty_vs_na,,NA
51 - Brant Haldimand Norfolk Catholic DSB.xlsx,Monthly Update,10,22,empty_vs_na,,NA
51 - Brant Haldimand Norfolk Catholic DSB.xlsx,Monthly Update,10,25,empty_vs_na,,NA
51 - Brant Haldimand Norfolk Catholic DSB.xlsx,Monthly Update,10,27,empty_vs_na,,NA
51 - Brant Haldimand Norfolk Catholic DSB.xlsx,Monthly Update,10,32,empty_vs_na,,NA
51 - Brant Haldimand Norfolk Catholic DSB.xlsx,Monthly Update,10,34,empty_vs_na,,NA
51 - Brant Haldimand Norfolk Catholic DSB.xlsx,Monthly Update,10,36,empty_vs_na,,NA
51 - Brant Haldimand Norfolk Catholic DSB.xlsx,Monthly Update,10,37,empty_vs_na,,NA
51 - Brant Haldimand Norfolk Catholic DSB.xlsx,Monthly Update,10,38,empty_vs_na,,NA
51 - Brant Haldimand Norfolk Catholic DSB.xlsx,Monthly Update,10,43,empty_vs_na,,NA
51 - Brant Haldimand Norfolk Catholic DSB.xlsx,Monthly Update,10,44,empty_vs_na,,NA
51 - Brant Haldimand Norfolk Catholic DSB.xlsx,Monthly Update,10,46,empty_vs_na,,NA
52 - Catholic DSB of Eastern Ontario.xlsx,Basic Project Info,7,3,empty_vs_na,,NA
52 - Catholic DSB of Eastern Ontario.xlsx,Basic Project Info,7,11,empty_vs_na,,NA
52 - Catholic DSB of Eastern Ontario.xlsx,Basic Project Info,7,12,empty_vs_na,,NA
52 - Catholic DSB of Eastern Ontario.xlsx,Basic Project Info,8,3,empty_vs_na,,NA
52 - Catholic DSB of Eastern Ontario.xlsx,Basic Project Info,8,11,empty_vs_na,,NA
52 - Catholic DSB of Eastern Ontario.xlsx,Basic Project Info,8,12,empty_vs_na,,NA
52 - Catholic DSB of Eastern Ontario.xlsx,Basic Project Info,9,3,empty_vs_na,,NA
52 - Catholic DSB of Eastern Ontario.xlsx,Basic Project Info,9,11,empty_vs_na,,NA
52 - Catholic DSB of Eastern Ontario.xlsx,Basic Project Info,9,12,empty_vs_na,,NA
52 - Catholic DSB of Eastern Ontario.xlsx,Basic Project Info,10,3,empty_vs_na,,NA
52 - Catholic DSB of Eastern Ontario.xlsx,Basic Project Info,10,11,empty_vs_na,,NA
52 - Catholic DSB of Eastern Ontario.xlsx,Basic Project Info,10,12,empty_vs_na,,NA
52 - Catholic DSB of Eastern Ontario.xlsx,Basic Project Info,11,3,empty_vs_na,,NA
52 - Catholic DSB of Eastern Ontario.xlsx,Basic Project Info,11,9,empty_vs_na,,NA
52 - Catholic DSB of Eastern Ontario.xlsx,Basic Project Info,11,10,empty_vs_na,,NA
52 - Catholic DSB of Eastern Ontario.xlsx,Basic Project Info,11,11,empty_vs_na,,NA
52 - Catholic DSB of Eastern Ontario.xlsx,Basic Project Info,11,12,empty_vs_na,,NA
52 - Catholic DSB of Eastern Ontario.xlsx,Board Contacts,5,1,empty_vs_na,,NA
52 - Catholic DSB of Eastern Ontario.xlsx,Board Contacts,5,2,empty_vs_na,,NA
52 - Catholic DSB of Eastern Ontario.xlsx,Board Contacts,5,3,empty_vs_na,,NA
52 - Catholic DSB of Eastern Ontario.xlsx,Board Contacts,5,4,empty_vs_na,,NA
52 - Catholic DSB of Eastern Ontario.xlsx,Board Contacts,5,5,empty_vs_na,,NA
52 - Catholic DSB of Eastern Ontario.xlsx,Monthly Update,4,50,empty_vs_na,,NA
52 - Catholic DSB of Eastern Ontario.xlsx,Monthly Update,4,52,empty_vs_na,,NA
52 - Catholic DSB of Eastern Ontario.xlsx,Monthly Update,4,54,empty_vs_na,,NA
52 - Catholic DSB of Eastern Ontario.xlsx,Monthly Update,4,55,empty_vs_na,,NA
52 - Catholic DSB of Eastern Ontario.xlsx,Monthly Update,4,56,empty_vs_na,,NA
52 - Catholic DSB of Eastern Ontario.xlsx,Monthly Update,4,57,empty_vs_na,,NA
52 - Catholic DSB of Eastern Ontario.xlsx,Monthly Update,4,58,empty_vs_na,,NA
52 - Catholic DSB of Eastern Ontario.xlsx,Monthly Update,4,59,empty_vs_na,,NA
52 - Catholic DSB of Eastern Ontario.xlsx,Monthly Update,4,60,empty_vs_na,,NA
52 - Catholic DSB of Eastern Ontario.xlsx,Monthly Update,4,61,empty_vs_na,,NA
52 - Catholic DSB of Eastern Ontario.xlsx,Monthly Update,4,62,empty_vs_na,,NA
52 - Catholic DSB of Eastern Ontario.xlsx,Monthly Update,4,63,empty_vs_na,,NA
52 - Catholic DSB of Eastern Ontario.xlsx,Monthly Update,4,64,empty_vs_na,,NA
52 - Catholic DSB of Eastern Ontario.xlsx,Monthly Update,4,65,empty_vs_na,,NA
52 - Catholic DSB of Eastern Ontario.xlsx,Monthly Update,4,66,empty_vs_na,,NA
52 - Catholic DSB of Eastern Ontario.xlsx,Monthly Update,4,67,empty_vs_na,,NA
52 - Catholic DSB of Eastern Ontario.xlsx,Monthly Update,4,68,empty_vs_na,,NA
52 - Catholic DSB of Eastern Ontario.xlsx,Monthly Update,4,69,empty_vs_na,,NA
52 - Catholic DSB of Eastern Ontario.xlsx,Monthly Update,4,70,empty_vs_na,,NA
52 - Catholic DSB of Eastern Ontario.xlsx,Monthly Update,4,71,empty_vs_na,,NA
52 - Catholic DSB of Eastern Ontario.xlsx,Monthly Update,4,72,empty_vs_na,,NA
52 - Catholic DSB of Eastern Ontario.xlsx,Monthly Update,4,73,empty_vs_na,,NA
52 - Catholic DSB of Eastern Ontario.xlsx,Monthly Update,7,69,empty_vs_na,,NA
52 - Catholic DSB of Eastern Ontario.xlsx,Monthly Update,7,70,empty_vs_na,,NA
52 - Catholic DSB of Eastern Ontario.xlsx,Monthly Update,7,71,empty_vs_na,,NA
52 - Catholic DSB of Eastern Ontario.xlsx,Monthly Update,7,72,empty_vs_na,,NA
52 - Catholic DSB of Eastern Ontario.xlsx,Monthly Update,7,73,empty_vs_na,,NA
52 - Catholic DSB of Eastern Ontario.xlsx,Monthly Update,10,8,empty_vs_na,,NA
53 - Ottawa Catholic School Board.xlsx,Basic Project Info,7,3,empty_vs_na,,NA
53 - Ottawa Catholic School Board.xlsx,Basic Project Info,7,8,empty_vs_na,,NA
53 - Ottawa Catholic School Board.xlsx,Basic Project Info,7,11,empty_vs_na,,NA
53 - Ottawa Catholic School Board.xlsx,Basic Project Info,7,12,empty_vs_na,,NA
53 - Ottawa Catholic School Board.xlsx,Basic Project Info,8,3,empty_vs_na,,NA
53 - Ottawa Catholic School Board.xlsx,Basic Project Info,8,9,empty_vs_na,,NA
53 - Ottawa Catholic School Board.xlsx,Basic Project Info,8,10,empty_vs_na,,NA
53 - Ottawa Catholic School Board.xlsx,Basic Project Info,8,11,empty_vs_na,,NA
53 - Ottawa Catholic School Board.xlsx,Basic Project Info,8,12,empty_vs_na,,NA
53 - Ottawa Catholic School Board.xlsx,Basic Project Info,9,3,empty_vs_na,,NA
53 - Ottawa Catholic School Board.xlsx,Basic Project Info,9,9,empty_vs_na,,NA
53 - Ottawa Catholic School Board.xlsx,Basic Project Info,9,10,empty_vs_na,,NA
53 - Ottawa Catholic School Board.xlsx,Basic Project Info,9,11,empty_vs_na,,NA
53 - Ottawa Catholic School Board.xlsx,Basic Project Info,9,12,empty_vs_na,,NA
53 - Ottawa Catholic School Board.xlsx,Basic Project Info,10,3,empty_vs_na,,NA
53 - Ottawa Catholic School Board.xlsx,Basic Project Info,10,9,empty_vs_na,,NA
53 - Ottawa Catholic School Board.xlsx,Basic Project Info,10,10,empty_vs_na,,NA
53 - Ottawa Catholic School Board.xlsx,Basic Project Info,10,11,empty_vs_na,,NA
53 - Ottawa Catholic School Board.xlsx,Basic Project Info,10,12,empty_vs_na,,NA
53 - Ottawa Catholic School Board.xlsx,Basic Project Info,11,3,empty_vs_na,,NA
53 - Ottawa Catholic School Board.xlsx,Basic Project Info,11,11,empty_vs_na,,NA
53 - Ottawa Catholic School Board.xlsx,Basic Project Info,11,12,empty_vs_na,,NA
53 - Ottawa Catholic School Board.xlsx,Basic Project Info,12,3,empty_vs_na,,NA
53 - Ottawa Catholic School Board.xlsx,Basic Project Info,12,9,empty_vs_na,,NA
53 - Ottawa Catholic School Board.xlsx,Basic Project Info,12,10,empty_vs_na,,NA
53 - Ottawa Catholic School Board.xlsx,Basic Project Info,12,11,empty_vs_na,,NA
53 - Ottawa Catholic School Board.xlsx,Basic Project Info,12,12,empty_vs_na,,NA
53 - Ottawa Catholic School Board.xlsx,Basic Project Info,13,3,empty_vs_na,,NA
53 - Ottawa Catholic School Board.xlsx,Basic Project Info,13,11,empty_vs_na,,NA
53 - Ottawa Catholic School Board.xlsx,Basic Project Info,13,12,empty_vs_na,,NA
53 - Ottawa Catholic School Board.xlsx,Basic Project Info,14,3,empty_vs_na,,NA
53 - Ottawa Catholic School Board.xlsx,Basic Project Info,14,11,empty_vs_na,,NA
53 - Ottawa Catholic School Board.xlsx,Basic Project Info,14,12,empty_vs_na,,NA
53 - Ottawa Catholic School Board.xlsx,Basic Project Info,15,3,empty_vs_na,,NA
53 - Ottawa Catholic School Board.xlsx,Basic Project Info,15,11,empty_vs_na,,NA
53 - Ottawa Catholic School Board.xlsx,Basic Project Info,15,12,empty_vs_na,,NA
53 - Ottawa Catholic School Board.xlsx,Basic Project Info,16,3,empty_vs_na,,NA
53 - Ottawa Catholic School Board.xlsx,Basic Project Info,16,11,empty_vs_na,,NA
53 - Ottawa Catholic School Board.xlsx,Basic Project Info,16,12,empty_vs_na,,NA
53 - Ottawa Catholic School Board.xlsx,Monthly Update,4,52,empty_vs_na,,NA
53 - Ottawa Catholic School Board.xlsx,Monthly Update,4,54,empty_vs_na,,NA
53 - Ottawa Catholic School Board.xlsx,Monthly Update,4,55,empty_vs_na,,NA
53 - Ottawa Catholic School Board.xlsx,Monthly Update,4,57,empty_vs_na,,NA
53 - Ottawa Catholic School Board.xlsx,Monthly Update,4,58,empty_vs_na,,NA
53 - Ottawa Catholic School Board.xlsx,Monthly Update,4,59,empty_vs_na,,NA
53 - Ottawa Catholic School Board.xlsx,Monthly Update,4,60,empty_vs_na,,NA
53 - Ottawa Catholic School Board.xlsx,Monthly Update,4,61,empty_vs_na,,NA
53 - Ottawa Catholic School Board.xlsx,Monthly Update,4,62,empty_vs_na,,NA
53 - Ottawa Catholic School Board.xlsx,Monthly Update,4,63,empty_vs_na,,NA
53 - Ottawa Catholic School Board.xlsx,Monthly Update,4,64,empty_vs_na,,NA
54 - Renfrew County Catholic DSB.xlsx,Basic Project Info,7,3,empty_vs_na,,NA
54 - Renfrew County Catholic DSB.xlsx,Basic Project Info,7,11,empty_vs_na,,NA
54 - Renfrew County Catholic DSB.xlsx,Basic Project Info,7,12,empty_vs_na,,NA
54 - Renfrew County Catholic DSB.xlsx,Basic Project Info,8,3,empty_vs_na,,NA
54 - Renfrew County Catholic DSB.xlsx,Basic Project Info,8,11,empty_vs_na,,NA
54 - Renfrew County Catholic DSB.xlsx,Basic Project Info,8,12,empty_vs_na,,NA
54 - Renfrew County Catholic DSB.xlsx,Board Contacts,5,1,empty_vs_na,,NA
54 - Renfrew County Catholic DSB.xlsx,Board Contacts,5,2,empty_vs_na,,NA
54 - Renfrew County Catholic DSB.xlsx,Board Contacts,5,3,empty_vs_na,,NA
54 - Renfrew County Catholic DSB.xlsx,Board Contacts,5,4,empty_vs_na,,NA
54 - Renfrew County Catholic DSB.xlsx,Board Contacts,5,5,empty_vs_na,,NA
54 - Renfrew County Catholic DSB.xlsx,Monthly Update,4,52,empty_vs_na,,NA
54 - Renfrew County Catholic DSB.xlsx,Monthly Update,4,53,empty_vs_na,,NA
54 - Renfrew County Catholic DSB.xlsx,Monthly Update,4,54,empty_vs_na,,NA
54 - Renfrew County Catholic DSB.xlsx,Monthly Update,4,55,empty_vs_na,,NA
54 - Renfrew County Catholic DSB.xlsx,Monthly Update,4,56,empty_vs_na,,NA
54 - Renfrew County Catholic DSB.xlsx,Monthly Update,4,57,empty_vs_na,,NA
54 - Renfrew County Catholic DSB.xlsx,Monthly Update,4,58,empty_vs_na,,NA
54 - Renfrew County Catholic DSB.xlsx,Monthly Update,4,59,empty_vs_na,,NA
54 - Renfrew County Catholic DSB.xlsx,Monthly Update,4,60,empty_vs_na,,NA
54 - Renfrew County Catholic DSB.xlsx,Monthly Update,4,61,empty_vs_na,,NA
54 - Renfrew County Catholic DSB.xlsx,Monthly Update,4,62,empty_vs_na,,NA
54 - Renfrew County Catholic DSB.xlsx,Monthly Update,4,63,empty_vs_na,,NA
54 - Renfrew County Catholic DSB.xlsx,Monthly Update,4,64,empty_vs_na,,NA
54 - Renfrew County Catholic DSB.xlsx,Monthly Update,4,65,empty_vs_na,,NA
54 - Renfrew County Catholic DSB.xlsx,Monthly Update,4,66,empty_vs_na,,NA
54 - Renfrew County Catholic DSB.xlsx,Monthly Update,4,67,empty_vs_na,,NA
54 - Renfrew County Catholic DSB.xlsx,Monthly Update,4,68,empty_vs_na,,NA
54 - Renfrew County Catholic DSB.xlsx,Monthly Update,4,69,empty_vs_na,,NA
54 - Renfrew County Catholic DSB.xlsx,Monthly Update,4,70,empty_vs_na,,NA
54 - Renfrew County Catholic DSB.xlsx,Monthly Update,4,71,empty_vs_na,,NA
54 - Renfrew County Catholic DSB.xlsx,Monthly Update,4,72,empty_vs_na,,NA
54 - Renfrew County Catholic DSB.xlsx,Monthly Update,4,73,empty_vs_na,,NA
54 - Renfrew County Catholic DSB.xlsx,Monthly Update,7,59,empty_vs_na,,NA
54 - Renfrew County Catholic DSB.xlsx,Monthly Update,7,60,empty_vs_na,,NA
54 - Renfrew County Catholic DSB.xlsx,Monthly Update,7,61,empty_vs_na,,NA
54 - Renfrew County Catholic DSB.xlsx,Monthly Update,7,62,empty_vs_na,,NA
54 - Renfrew County Catholic DSB.xlsx,Monthly Update,7,63,empty_vs_na,,NA
54 - Renfrew County Catholic DSB.xlsx,Monthly Update,7,64,empty_vs_na,,NA
54 - Renfrew County Catholic DSB.xlsx,Monthly Update,7,65,empty_vs_na,,NA
54 - Renfrew County Catholic DSB.xlsx,Monthly Update,7,66,empty_vs_na,,NA
54 - Renfrew County Catholic DSB.xlsx,Monthly Update,7,67,empty_vs_na,,NA
54 - Renfrew County Catholic DSB.xlsx,Monthly Update,7,68,empty_vs_na,,NA
54 - Renfrew County Catholic DSB.xlsx,Monthly Update,7,69,empty_vs_na,,NA
54 - Renfrew County Catholic DSB.xlsx,Monthly Update,7,70,empty_vs_na,,NA
54 - Renfrew County Catholic DSB.xlsx,Monthly Update,7,71,empty_vs_na,,NA
54 - Renfrew County Catholic DSB.xlsx,Monthly Update,7,72,empty_vs_na,,NA
54 - Renfrew County Catholic DSB.xlsx,Monthly Update,7,73,empty_vs_na,,NA
54 - Renfrew County Catholic DSB.xlsx,Monthly Update,10,8,empty_vs_na,,NA
54 - Renfrew County Catholic DSB.xlsx,Monthly Update,10,12,empty_vs_na,,NA
55 - Algonquin and Lakeshore Catholic DSB.xlsx,Basic Project Info,7,3,empty_vs_na,,NA
55 - Algonquin and Lakeshore Catholic DSB.xlsx,Basic Project Info,7,8,empty_vs_na,,NA
55 - Algonquin and Lakeshore Catholic DSB.xlsx,Basic Project Info,7,11,empty_vs_na,,NA
55 - Algonquin and Lakeshore Catholic DSB.xlsx,Basic Project Info,7,12,empty_vs_na,,NA
55 - Algonquin and Lakeshore Catholic DSB.xlsx,Basic Project Info,8,3,empty_vs_na,,NA
55 - Algonquin and Lakeshore Catholic DSB.xlsx,Basic Project Info,8,11,empty_vs_na,,NA
55 - Algonquin and Lakeshore Catholic DSB.xlsx,Basic Project Info,8,12,empty_vs_na,,NA
55 - Algonquin and Lakeshore Catholic DSB.xlsx,Basic Project Info,9,3,empty_vs_na,,NA
55 - Algonquin and Lakeshore Catholic DSB.xlsx,Basic Project Info,9,9,empty_vs_na,,NA
55 - Algonquin and Lakeshore Catholic DSB.xlsx,Basic Project Info,9,10,empty_vs_na,,NA
55 - Algonquin and Lakeshore Catholic DSB.xlsx,Basic Project Info,9,12,empty_vs_na,,NA
55 - Algonquin and Lakeshore Catholic DSB.xlsx,Basic Project Info,10,3,empty_vs_na,,NA
55 - Algonquin and Lakeshore Catholic DSB.xlsx,Basic Project Info,10,11,empty_vs_na,,NA
55 - Algonquin and Lakeshore Catholic DSB.xlsx,Basic Project Info,10,12,empty_vs_na,,NA
55 - Algonquin and Lakeshore Catholic DSB.xlsx,Basic Project Info,11,3,empty_vs_na,,NA
55 - Algonquin and Lakeshore Catholic DSB.xlsx,Basic Project Info,11,11,empty_vs_na,,NA
55 - Algonquin and Lakeshore Catholic DSB.xlsx,Basic Project Info,11,12,empty_vs_na,,NA
55 - Algonquin and Lakeshore Catholic DSB.xlsx,Basic Project Info,12,3,empty_vs_na,,NA
55 - Algonquin and Lakeshore Catholic DSB.xlsx,Basic Project Info,12,11,empty_vs_na,,NA
55 - Algonquin and Lakeshore Catholic DSB.xlsx,Basic Project Info,12,12,empty_vs_na,,NA
55 - Algonquin and Lakeshore Catholic DSB.xlsx,Monthly Update,4,50,empty_vs_na,,NA
55 - Algonquin and Lakeshore Catholic DSB.xlsx,Monthly Update,4,51,empty_vs_na,,NA
55 - Algonquin and Lakeshore Catholic DSB.xlsx,Monthly Update,4,52,empty_vs_na,,NA
55 - Algonquin and Lakeshore Catholic DSB.xlsx,Monthly Update,4,54,empty_vs_na,,NA
55 - Algonquin and Lakeshore Catholic DSB.xlsx,Monthly Update,4,56,empty_vs_na,,NA
55 - Algonquin and Lakeshore Catholic DSB.xlsx,Monthly Update,4,58,empty_vs_na,,NA
55 - Algonquin and Lakeshore Catholic DSB.xlsx,Monthly Update,4,59,empty_vs_na,,NA
55 - Algonquin and Lakeshore Catholic DSB.xlsx,Monthly Update,4,60,empty_vs_na,,NA
55 - Algonquin and Lakeshore Catholic DSB.xlsx,Monthly Update,4,61,empty_vs_na,,NA
55 - Algonquin and Lakeshore Catholic DSB.xlsx,Monthly Update,4,62,empty_vs_na,,NA
55 - Algonquin and Lakeshore Catholic DSB.xlsx,Monthly Update,4,63,empty_vs_na,,NA
55 - Algonquin and Lakeshore Catholic DSB.xlsx,Monthly Update,4,64,empty_vs_na,,NA
55 - Algonquin and Lakeshore Catholic DSB.xlsx,Monthly Update,4,65,empty_vs_na,,NA
55 - Algonquin and Lakeshore Catholic DSB.xlsx,Monthly Update,4,66,empty_vs_na,,NA
55 - Algonquin and Lakeshore Catholic DSB.xlsx,Monthly Update,4,67,empty_vs_na,,NA
55 - Algonquin and Lakeshore Catholic DSB.xlsx,Monthly Update,4,68,empty_vs_na,,NA
55 - Algonquin and Lakeshore Catholic DSB.xlsx,Monthly Update,4,69,empty_vs_na,,NA
55 - Algonquin and Lakeshore Catholic DSB.xlsx,Monthly Update,4,70,empty_vs_na,,NA
55 - Algonquin and Lakeshore Catholic DSB.xlsx,Monthly Update,4,71,empty_vs_na,,NA
55 - Algonquin and Lakeshore Catholic DSB.xlsx,Monthly Update,4,72,empty_vs_na,,NA
55 - Algonquin and Lakeshore Catholic DSB.xlsx,Monthly Update,4,73,empty_vs_na,,NA
55 - Algonquin and Lakeshore Catholic DSB.xlsx,Monthly Update,7,70,empty_vs_na,,NA
55 - Algonquin and Lakeshore Catholic DSB.xlsx,Monthly Update,7,71,empty_vs_na,,NA
55 - Algonquin and Lakeshore Catholic DSB.xlsx,Monthly Update,7,72,empty_vs_na,,NA
55 - Algonquin and Lakeshore Catholic DSB.xlsx,Monthly Update,7,73,empty_vs_na,,NA
55 - Algonquin and Lakeshore Catholic DSB.xlsx,Monthly Update,10,8,empty_vs_na,,NA
55 - Algonquin and Lakeshore Catholic DSB.xlsx,Monthly Update,10,12,empty_vs_na,,NA
55 - Algonquin and Lakeshore Catholic DSB.xlsx,Monthly Update,10,18,empty_vs_na,,NA
55 - Algonquin and Lakeshore Catholic DSB.xlsx,Monthly Update,10,21,empty_vs_na,,NA
55 - Algonquin and Lakeshore Catholic DSB.xlsx,Monthly Update,10,22,empty_vs_na,,NA
56 - CSD du Nord-Est de l'Ontario.xlsx,Basic Project Info,7,3,empty_vs_na,,NA
56 - CSD du Nord-Est de l'Ontario.xlsx,Basic Project Info,7,9,empty_vs_na,,NA
56 - CSD du Nord-Est de l'Ontario.xlsx,Basic Project Info,7,10,empty_vs_na,,NA
56 - CSD du Nord-Est de l'Ontario.xlsx,Basic Project Info,7,11,empty_vs_na,,NA
56 - CSD du Nord-Est de l'Ontario.xlsx,Basic Project Info,7,12,empty_vs_na,,NA
56 - CSD du Nord-Est de l'Ontario.xlsx,Basic Project Info,8,3,empty_vs_na,,NA
56 - CSD du Nord-Est de l'Ontario.xlsx,Basic Project Info,8,9,empty_vs_na,,NA
56 - CSD du Nord-Est de l'Ontario.xlsx,Basic Project Info,8,10,empty_vs_na,,NA
56 - CSD du Nord-Est de l'Ontario.xlsx,Basic Project Info,8,11,empty_vs_na,,NA
56 - CSD du Nord-Est de l'Ontario.xlsx,Basic Project Info,8,12,empty_vs_na,,NA
56 - CSD du Nord-Est de l'Ontario.xlsx,Basic Project Info,9,3,empty_vs_na,,NA
56 - CSD du Nord-Est de l'Ontario.xlsx,Basic Project Info,9,11,empty_vs_na,,NA
56 - CSD du Nord-Est de l'Ontario.xlsx,Basic Project Info,9,12,empty_vs_na,,NA
56 - CSD du Nord-Est de l'Ontario.xlsx,Monthly Update,4,52,empty_vs_na,,NA
56 - CSD du Nord-Est de l'Ontario.xlsx,Monthly Update,4,53,empty_vs_na,,NA
56 - CSD du Nord-Est de l'Ontario.xlsx,Monthly Update,4,54,empty_vs_na,,NA
56 - CSD du Nord-Est de l'Ontario.xlsx,Monthly Update,4,55,empty_vs_na,,NA
56 - CSD du Nord-Est de l'Ontario.xlsx,Monthly Update,4,56,empty_vs_na,,NA
56 - CSD du Nord-Est de l'Ontario.xlsx,Monthly Update,4,57,empty_vs_na,,NA
56 - CSD du Nord-Est de l'Ontario.xlsx,Monthly Update,4,58,empty_vs_na,,NA
56 - CSD du Nord-Est de l'Ontario.xlsx,Monthly Update,4,59,empty_vs_na,,NA
56 - CSD du Nord-Est de l'Ontario.xlsx,Monthly Update,4,60,empty_vs_na,,NA
56 - CSD du Nord-Est de l'Ontario.xlsx,Monthly Update,4,61,empty_vs_na,,NA
56 - CSD du Nord-Est de l'Ontario.xlsx,Monthly Update,4,62,empty_vs_na,,NA
56 - CSD du Nord-Est de l'Ontario.xlsx,Monthly Update,4,63,empty_vs_na,,NA
56 - CSD du Nord-Est de l'Ontario.xlsx,Monthly Update,4,64,empty_vs_na,,NA
56 - CSD du Nord-Est de l'Ontario.xlsx,Monthly Update,4,65,empty_vs_na,,NA
56 - CSD du Nord-Est de l'Ontario.xlsx,Monthly Update,4,66,empty_vs_na,,NA
56 - CSD du Nord-Est de l'Ontario.xlsx,Monthly Update,4,67,empty_vs_na,,NA
56 - CSD du Nord-Est de l'Ontario.xlsx,Monthly Update,4,68,empty_vs_na,,NA
56 - CSD du Nord-Est de l'Ontario.xlsx,Monthly Update,4,69,empty_vs_na,,NA
56 - CSD du Nord-Est de l'Ontario.xlsx,Monthly Update,4,70,empty_vs_na,,NA
56 - CSD du Nord-Est de l'Ontario.xlsx,Monthly Update,4,71,empty_vs_na,,NA
56 - CSD du Nord-Est de l'Ontario.xlsx,Monthly Update,4,72,empty_vs_na,,NA
56 - CSD du Nord-Est de l'Ontario.xlsx,Monthly Update,4,73,empty_vs_na,,NA
56 - CSD du Nord-Est de l'Ontario.xlsx,Monthly Update,7,55,empty_vs_na,,NA
56 - CSD du Nord-Est de l'Ontario.xlsx,Monthly Update,7,56,empty_vs_na,,NA
56 - CSD du Nord-Est de l'Ontario.xlsx,Monthly Update,7,57,empty_vs_na,,NA
56 - CSD du Nord-Est de l'Ontario.xlsx,Monthly Update,7,58,empty_vs_na,,NA
56 - CSD du Nord-Est de l'Ontario.xlsx,Monthly Update,7,59,empty_vs_na,,NA
56 - CSD du Nord-Est de l'Ontario.xlsx,Monthly Update,7,60,empty_vs_na,,NA
56 - CSD du Nord-Est de l'Ontario.xlsx,Monthly Update,7,61,empty_vs_na,,NA
56 - CSD du Nord-Est de l'Ontario.xlsx,Monthly Update,7,62,empty_vs_na,,NA
56 - CSD du Nord-Est de l'Ontario.xlsx,Monthly Update,7,63,empty_vs_na,,NA
56 - CSD du Nord-Est de l'Ontario.xlsx,Monthly Update,7,64,empty_vs_na,,NA
56 - CSD du Nord-Est de l'Ontario.xlsx,Monthly Update,7,65,empty_vs_na,,NA
56 - CSD du Nord-Est de l'Ontario.xlsx,Monthly Update,7,66,empty_vs_na,,NA
56 - CSD du Nord-Est de l'Ontario.xlsx,Monthly Update,7,67,empty_vs_na,,NA
56 - CSD du Nord-Est de l'Ontario.xlsx,Monthly Update,7,68,empty_vs_na,,NA
56 - CSD du Nord-Est de l'Ontario.xlsx,Monthly Update,7,69,empty_vs_na,,NA
57 - CSP Grand Nord de l'Ontario.xlsx,Basic Project Info,7,11,empty_vs_na,,NA
57 - CSP Grand Nord de l'Ontario.xlsx,Basic Project Info,7,12,empty_vs_na,,NA
57 - CSP Grand Nord de l'Ontario.xlsx,Basic Project Info,8,11,empty_vs_na,,NA
57 - CSP Grand Nord de l'Ontario.xlsx,Basic Project Info,8,12,empty_vs_na,,NA
57 - CSP Grand Nord de l'Ontario.xlsx,Board Contacts,5,1,empty_vs_na,,NA
57 - CSP Grand Nord de l'Ontario.xlsx,Board Contacts,5,2,empty_vs_na,,NA
57 - CSP Grand Nord de l'Ontario.xlsx,Board Contacts,5,3,empty_vs_na,,NA
57 - CSP Grand Nord de l'Ontario.xlsx,Board Contacts,5,4,empty_vs_na,,NA
57 - CSP Grand Nord de l'Ontario.xlsx,Board Contacts,5,5,empty_vs_na,,NA
57 - CSP Grand Nord de l'Ontario.xlsx,Monthly Update,4,50,empty_vs_na,,NA
57 - CSP Grand Nord de l'Ontario.xlsx,Monthly Update,4,51,empty_vs_na,,NA
57 - CSP Grand Nord de l'Ontario.xlsx,Monthly Update,4,52,empty_vs_na,,NA
57 - CSP Grand Nord de l'Ontario.xlsx,Monthly Update,4,53,empty_vs_na,,NA
57 - CSP Grand Nord de l'Ontario.xlsx,Monthly Update,4,54,empty_vs_na,,NA
57 - CSP Grand Nord de l'Ontario.xlsx,Monthly Update,4,55,empty_vs_na,,NA
57 - CSP Grand Nord de l'Ontario.xlsx,Monthly Update,4,56,empty_vs_na,,NA
57 - CSP Grand Nord de l'Ontario.xlsx,Monthly Update,4,57,empty_vs_na,,NA
57 - CSP Grand Nord de l'Ontario.xlsx,Monthly Update,4,58,empty_vs_na,,NA
57 - CSP Grand Nord de l'Ontario.xlsx,Monthly Update,4,59,empty_vs_na,,NA
57 - CSP Grand Nord de l'Ontario.xlsx,Monthly Update,4,60,empty_vs_na,,NA
57 - CSP Grand Nord de l'Ontario.xlsx,Monthly Update,4,61,empty_vs_na,,NA
57 - CSP Grand Nord de l'Ontario.xlsx,Monthly Update,4,62,empty_vs_na,,NA
57 - CSP Grand Nord de l'Ontario.xlsx,Monthly Update,4,63,empty_vs_na,,NA
57 - CSP Grand Nord de l'Ontario.xlsx,Monthly Update,4,64,empty_vs_na,,NA
57 - CSP Grand Nord de l'Ontario.xlsx,Monthly Update,4,65,empty_vs_na,,NA
57 - CSP Grand Nord de l'Ontario.xlsx,Monthly Update,4,66,empty_vs_na,,NA
57 - CSP Grand Nord de l'Ontario.xlsx,Monthly Update,4,67,empty_vs_na,,NA
57 - CSP Grand Nord de l'Ontario.xlsx,Monthly Update,4,68,empty_vs_na,,NA
57 - CSP Grand Nord de l'Ontario.xlsx,Monthly Update,4,69,empty_vs_na,,NA
57 - CSP Grand Nord de l'Ontario.xlsx,Monthly Update,4,70,empty_vs_na,,NA
57 - CSP Grand Nord de l'Ontario.xlsx,Monthly Update,4,71,empty_vs_na,,NA
57 - CSP Grand Nord de l'Ontario.xlsx,Monthly Update,4,72,empty_vs_na,,NA
57 - CSP Grand Nord de l'Ontario.xlsx,Monthly Update,4,73,empty_vs_na,,NA
57 - CSP Grand Nord de l'Ontario.xlsx,Monthly Update,7,58,empty_vs_na,,NA
57 - CSP Grand Nord de l'Ontario.xlsx,Monthly Update,7,59,empty_vs_na,,NA
57 - CSP Grand Nord de l'Ontario.xlsx,Monthly Update,7,60,empty_vs_na,,NA
57 - CSP Grand Nord de l'Ontario.xlsx,Monthly Update,7,61,empty_vs_na,,NA
57 - CSP Grand Nord de l'Ontario.xlsx,Monthly Update,7,62,empty_vs_na,,NA
57 - CSP Grand Nord de l'Ontario.xlsx,Monthly Update,7,63,empty_vs_na,,NA
57 - CSP Grand Nord de l'Ontario.xlsx,Monthly Update,7,64,empty_vs_na,,NA
57 - CSP Grand Nord de l'Ontario.xlsx,Monthly Update,7,65,empty_vs_na,,NA
57 - CSP Grand Nord de l'Ontario.xlsx,Monthly Update,7,66,empty_vs_na,,NA
57 - CSP Grand Nord de l'Ontario.xlsx,Monthly Update,7,67,empty_vs_na,,NA
57 - CSP Grand Nord de l'Ontario.xlsx,Monthly Update,7,68,empty_vs_na,,NA
57 - CSP Grand Nord de l'Ontario.xlsx,Monthly Update,7,69,empty_vs_na,,NA
57 - CSP Grand Nord de l'Ontario.xlsx,Monthly Update,7,70,empty_vs_na,,NA
57 - CSP Grand Nord de l'Ontario.xlsx,Monthly Update,7,71,empty_vs_na,,NA
57 - CSP Grand Nord de l'Ontario.xlsx,Monthly Update,7,72,empty_vs_na,,NA
57 - CSP Grand Nord de l'Ontario.xlsx,Monthly Update,7,73,empty_vs_na,,NA
57 - CSP Grand Nord de l'Ontario.xlsx,Monthly Update,10,8,empty_vs_na,,NA
58 - CS Viamonde.xlsx,Basic Project Info,7,3,empty_vs_na,,NA
58 - CS Viamonde.xlsx,Basic Project Info,7,11,empty_vs_na,,NA
58 - CS Viamonde.xlsx,Basic Project Info,7,12,empty_vs_na,,NA
58 - CS Viamonde.xlsx,Basic Project Info,8,3,empty_vs_na,,NA
58 - CS Viamonde.xlsx,Basic Project Info,8,11,empty_vs_na,,NA
58 - CS Viamonde.xlsx,Basic Project Info,8,12,empty_vs_na,,NA
58 - CS Viamonde.xlsx,Basic Project Info,9,3,empty_vs_na,,NA
58 - CS Viamonde.xlsx,Basic Project Info,9,11,empty_vs_na,,NA
58 - CS Viamonde.xlsx,Basic Project Info,9,12,empty_vs_na,,NA
58 - CS Viamonde.xlsx,Basic Project Info,10,3,empty_vs_na,,NA
58 - CS Viamonde.xlsx,Basic Project Info,10,11,empty_vs_na,,NA
58 - CS Viamonde.xlsx,Basic Project Info,10,12,empty_vs_na,,NA
58 - CS Viamonde.xlsx,Basic Project Info,11,3,empty_vs_na,,NA
58 - CS Viamonde.xlsx,Basic Project Info,11,11,empty_vs_na,,NA
58 - CS Viamonde.xlsx,Basic Project Info,11,12,empty_vs_na,,NA
58 - CS Viamonde.xlsx,Basic Project Info,12,3,empty_vs_na,,NA
58 - CS Viamonde.xlsx,Basic Project Info,12,11,empty_vs_na,,NA
58 - CS Viamonde.xlsx,Basic Project Info,12,12,empty_vs_na,,NA
58 - CS Viamonde.xlsx,Basic Project Info,13,3,empty_vs_na,,NA
58 - CS Viamonde.xlsx,Basic Project Info,13,11,empty_vs_na,,NA
58 - CS Viamonde.xlsx,Basic Project Info,13,12,empty_vs_na,,NA
58 - CS Viamonde.xlsx,Basic Project Info,14,3,empty_vs_na,,NA
58 - CS Viamonde.xlsx,Basic Project Info,14,11,empty_vs_na,,NA
58 - CS Viamonde.xlsx,Basic Project Info,14,12,empty_vs_na,,NA
58 - CS Viamonde.xlsx,Basic Project Info,15,3,empty_vs_na,,NA
58 - CS Viamonde.xlsx,Basic Project Info,15,11,empty_vs_na,,NA
58 - CS Viamonde.xlsx,Basic Project Info,15,12,empty_vs_na,,NA
58 - CS Viamonde.xlsx,Basic Project Info,16,3,empty_vs_na,,NA
58 - CS Viamonde.xlsx,Basic Project Info,16,8,empty_vs_na,,NA
58 - CS Viamonde.xlsx,Basic Project Info,16,11,empty_vs_na,,NA
58 - CS Viamonde.xlsx,Basic Project Info,16,12,empty_vs_na,,NA
58 - CS Viamonde.xlsx,Basic Project Info,17,3,empty_vs_na,,NA
58 - CS Viamonde.xlsx,Basic Project Info,17,11,empty_vs_na,,NA
58 - CS Viamonde.xlsx,Basic Project Info,17,12,empty_vs_na,,NA
58 - CS Viamonde.xlsx,Basic Project Info,18,3,empty_vs_na,,NA
58 - CS Viamonde.xlsx,Basic Project Info,18,6,empty_vs_na,,NA
58 - CS Viamonde.xlsx,Basic Project Info,18,9,empty_vs_na,,NA
58 - CS Viamonde.xlsx,Basic Project Info,18,10,empty_vs_na,,NA
58 - CS Viamonde.xlsx,Basic Project Info,18,11,empty_vs_na,,NA
58 - CS Viamonde.xlsx,Basic Project Info,18,12,empty_vs_na,,NA
58 - CS Viamonde.xlsx,Basic Project Info,19,3,empty_vs_na,,NA
58 - CS Viamonde.xlsx,Basic Project Info,19,9,empty_vs_na,,NA
58 - CS Viamonde.xlsx,Basic Project Info,19,10,empty_vs_na,,NA
58 - CS Viamonde.xlsx,Basic Project Info,19,11,empty_vs_na,,NA
58 - CS Viamonde.xlsx,Basic Project Info,19,12,empty_vs_na,,NA
58 - CS Viamonde.xlsx,Basic Project Info,20,3,empty_vs_na,,NA
58 - CS Viamonde.xlsx,Basic Project Info,20,9,empty_vs_na,,NA
58 - CS Viamonde.xlsx,Basic Project Info,20,10,empty_vs_na,,NA
58 - CS Viamonde.xlsx,Basic Project Info,20,11,empty_vs_na,,NA
58 - CS Viamonde.xlsx,Basic Project Info,20,12,empty_vs_na,,NA
59 - CEPs de l'Est de l'Ontario.xlsx,Monthly Update,10,20,real,1899-12-31,1899-12-30
59 - CEPs de l'Est de l'Ontario.xlsx,Monthly Update,10,24,real,1899-12-31,1899-12-30
59 - CEPs de l'Est de l'Ontario.xlsx,Monthly Update,10,35,real,1899-12-31,1899-12-30
59 - CEPs de l'Est de l'Ontario.xlsx,Monthly Update,11,17,real,1899-12-31,1899-12-30
59 - CEPs de l'Est de l'Ontario.xlsx,Monthly Update,11,20,real,1899-12-31,1899-12-30
59 - CEPs de l'Est de l'Ontario.xlsx,Monthly Update,11,21,real,1899-12-31,1899-12-30
59 - CEPs de l'Est de l'Ontario.xlsx,Monthly Update,11,23,real,1899-12-31,1899-12-30
59 - CEPs de l'Est de l'Ontario.xlsx,Monthly Update,11,24,real,1899-12-31,1899-12-30
59 - CEPs de l'Est de l'Ontario.xlsx,Monthly Update,11,26,real,1899-12-31,1899-12-30
59 - CEPs de l'Est de l'Ontario.xlsx,Monthly Update,11,28,real,1899-12-31,1899-12-30
59 - CEPs de l'Est de l'Ontario.xlsx,Monthly Update,11,29,real,1899-12-31,1899-12-30
59 - CEPs de l'Est de l'Ontario.xlsx,Monthly Update,11,30,real,1899-12-31,1899-12-30
59 - CEPs de l'Est de l'Ontario.xlsx,Monthly Update,11,31,real,1899-12-31,1899-12-30
59 - CEPs de l'Est de l'Ontario.xlsx,Monthly Update,11,33,real,1899-12-31,1899-12-30
59 - CEPs de l'Est de l'Ontario.xlsx,Monthly Update,17,21,real,1899-12-31,1899-12-30
59 - CEPs de l'Est de l'Ontario.xlsx,Monthly Update,19,37,real,1899-12-31,1899-12-30
59 - CEPs de l'Est de l'Ontario.xlsx,Monthly Update,21,21,real,1899-12-31,1899-12-30
59 - CEPs de l'Est de l'Ontario.xlsx,Basic Project Info,7,3,empty_vs_na,,NA
59 - CEPs de l'Est de l'Ontario.xlsx,Basic Project Info,7,11,empty_vs_na,,NA
59 - CEPs de l'Est de l'Ontario.xlsx,Basic Project Info,7,12,empty_vs_na,,NA
59 - CEPs de l'Est de l'Ontario.xlsx,Basic Project Info,8,3,empty_vs_na,,NA
59 - CEPs de l'Est de l'Ontario.xlsx,Basic Project Info,8,8,empty_vs_na,,NA
59 - CEPs de l'Est de l'Ontario.xlsx,Basic Project Info,8,11,empty_vs_na,,NA
59 - CEPs de l'Est de l'Ontario.xlsx,Basic Project Info,8,12,empty_vs_na,,NA
59 - CEPs de l'Est de l'Ontario.xlsx,Basic Project Info,9,11,empty_vs_na,,NA
59 - CEPs de l'Est de l'Ontario.xlsx,Basic Project Info,9,12,empty_vs_na,,NA
59 - CEPs de l'Est de l'Ontario.xlsx,Basic Project Info,10,8,empty_vs_na,,NA
59 - CEPs de l'Est de l'Ontario.xlsx,Basic Project Info,10,11,empty_vs_na,,NA
59 - CEPs de l'Est de l'Ontario.xlsx,Basic Project Info,10,12,empty_vs_na,,NA
59 - CEPs de l'Est de l'Ontario.xlsx,Basic Project Info,11,8,empty_vs_na,,NA
59 - CEPs de l'Est de l'Ontario.xlsx,Basic Project Info,11,9,empty_vs_na,,NA
59 - CEPs de l'Est de l'Ontario.xlsx,Basic Project Info,11,10,empty_vs_na,,NA
59 - CEPs de l'Est de l'Ontario.xlsx,Basic Project Info,11,11,empty_vs_na,,NA
59 - CEPs de l'Est de l'Ontario.xlsx,Basic Project Info,11,12,empty_vs_na,,NA
59 - CEPs de l'Est de l'Ontario.xlsx,Basic Project Info,12,3,empty_vs_na,,NA
59 - CEPs de l'Est de l'Ontario.xlsx,Basic Project Info,12,6,empty_vs_na,,NA
59 - CEPs de l'Est de l'Ontario.xlsx,Basic Project Info,12,9,empty_vs_na,,NA
59 - CEPs de l'Est de l'Ontario.xlsx,Basic Project Info,12,10,empty_vs_na,,NA
59 - CEPs de l'Est de l'Ontario.xlsx,Basic Project Info,12,11,empty_vs_na,,NA
59 - CEPs de l'Est de l'Ontario.xlsx,Basic Project Info,12,12,empty_vs_na,,NA
59 - CEPs de l'Est de l'Ontario.xlsx,Basic Project Info,13,3,empty_vs_na,,NA
59 - CEPs de l'Est de l'Ontario.xlsx,Basic Project Info,13,9,empty_vs_na,,NA
59 - CEPs de l'Est de l'Ontario.xlsx,Basic Project Info,13,10,empty_vs_na,,NA
59 - CEPs de l'Est de l'Ontario.xlsx,Basic Project Info,13,11,empty_vs_na,,NA
59 - CEPs de l'Est de l'Ontario.xlsx,Basic Project Info,13,12,empty_vs_na,,NA
59 - CEPs de l'Est de l'Ontario.xlsx,Basic Project Info,14,9,empty_vs_na,,NA
59 - CEPs de l'Est de l'Ontario.xlsx,Basic Project Info,14,10,empty_vs_na,,NA
59 - CEPs de l'Est de l'Ontario.xlsx,Basic Project Info,14,11,empty_vs_na,,NA
59 - CEPs de l'Est de l'Ontario.xlsx,Basic Project Info,14,12,empty_vs_na,,NA
59 - CEPs de l'Est de l'Ontario.xlsx,Basic Project Info,15,3,empty_vs_na,,NA
60.1 - CSC des Grandes Rivières.xlsx,Basic Project Info,7,3,empty_vs_na,,NA
60.1 - CSC des Grandes Rivières.xlsx,Basic Project Info,7,11,empty_vs_na,,NA
60.1 - CSC des Grandes Rivières.xlsx,Basic Project Info,7,12,empty_vs_na,,NA
60.1 - CSC des Grandes Rivières.xlsx,Basic Project Info,8,3,empty_vs_na,,NA
60.1 - CSC des Grandes Rivières.xlsx,Basic Project Info,8,11,empty_vs_na,,NA
60.1 - CSC des Grandes Rivières.xlsx,Basic Project Info,8,12,empty_vs_na,,NA
60.1 - CSC des Grandes Rivières.xlsx,Basic Project Info,9,3,empty_vs_na,,NA
60.1 - CSC des Grandes Rivières.xlsx,Basic Project Info,9,11,empty_vs_na,,NA
60.1 - CSC des Grandes Rivières.xlsx,Basic Project Info,9,12,empty_vs_na,,NA
60.1 - CSC des Grandes Rivières.xlsx,Basic Project Info,10,3,empty_vs_na,,NA
60.1 - CSC des Grandes Rivières.xlsx,Basic Project Info,10,11,empty_vs_na,,NA
60.1 - CSC des Grandes Rivières.xlsx,Basic Project Info,10,12,empty_vs_na,,NA
60.1 - CSC des Grandes Rivières.xlsx,Basic Project Info,11,3,empty_vs_na,,NA
60.1 - CSC des Grandes Rivières.xlsx,Basic Project Info,11,11,empty_vs_na,,NA
60.1 - CSC des Grandes Rivières.xlsx,Basic Project Info,11,12,empty_vs_na,,NA
60.1 - CSC des Grandes Rivières.xlsx,Board Contacts,5,3,empty_vs_na,,NA
60.1 - CSC des Grandes Rivières.xlsx,Board Contacts,5,4,empty_vs_na,,NA
60.1 - CSC des Grandes Rivières.xlsx,Board Contacts,5,5,empty_vs_na,,NA
60.1 - CSC des Grandes Rivières.xlsx,Board Contacts,6,3,empty_vs_na,,NA
60.1 - CSC des Grandes Rivières.xlsx,Board Contacts,6,4,empty_vs_na,,NA
60.1 - CSC des Grandes Rivières.xlsx,Board Contacts,6,5,empty_vs_na,,NA
60.1 - CSC des Grandes Rivières.xlsx,Board Contacts,7,3,empty_vs_na,,NA
60.1 - CSC des Grandes Rivières.xlsx,Board Contacts,7,4,empty_vs_na,,NA
60.1 - CSC des Grandes Rivières.xlsx,Board Contacts,7,5,empty_vs_na,,NA
60.1 - CSC des Grandes Rivières.xlsx,Board Contacts,8,3,empty_vs_na,,NA
60.1 - CSC des Grandes Rivières.xlsx,Board Contacts,8,4,empty_vs_na,,NA
60.1 - CSC des Grandes Rivières.xlsx,Board Contacts,8,5,empty_vs_na,,NA
60.1 - CSC des Grandes Rivières.xlsx,Monthly Update,4,52,empty_vs_na,,NA
60.1 - CSC des Grandes Rivières.xlsx,Monthly Update,4,53,empty_vs_na,,NA
60.1 - CSC des Grandes Rivières.xlsx,Monthly Update,4,54,empty_vs_na,,NA
60.1 - CSC des Grandes Rivières.xlsx,Monthly Update,4,55,empty_vs_na,,NA
60.1 - CSC des Grandes Rivières.xlsx,Monthly Update,4,56,empty_vs_na,,NA
60.1 - CSC des Grandes Rivières.xlsx,Monthly Update,4,57,empty_vs_na,,NA
60.1 - CSC des Grandes Rivières.xlsx,Monthly Update,4,58,empty_vs_na,,NA
60.1 - CSC des Grandes Rivières.xlsx,Monthly Update,4,59,empty_vs_na,,NA
60.1 - CSC des Grandes Rivières.xlsx,Monthly Update,4,60,empty_vs_na,,NA
60.1 - CSC des Grandes Rivières.xlsx,Monthly Update,4,61,empty_vs_na,,NA
60.1 - CSC des Grandes Rivières.xlsx,Monthly Update,4,62,empty_vs_na,,NA
60.1 - CSC des Grandes Rivières.xlsx,Monthly Update,4,63,empty_vs_na,,NA
60.1 - CSC des Grandes Rivières.xlsx,Monthly Update,4,64,empty_vs_na,,NA
60.1 - CSC des Grandes Rivières.xlsx,Monthly Update,4,65,empty_vs_na,,NA
60.1 - CSC des Grandes Rivières.xlsx,Monthly Update,4,66,empty_vs_na,,NA
60.1 - CSC des Grandes Rivières.xlsx,Monthly Update,4,67,empty_vs_na,,NA
60.1 - CSC des Grandes Rivières.xlsx,Monthly Update,4,68,empty_vs_na,,NA
60.1 - CSC des Grandes Rivières.xlsx,Monthly Update,4,69,empty_vs_na,,NA
60.1 - CSC des Grandes Rivières.xlsx,Monthly Update,4,70,empty_vs_na,,NA
60.1 - CSC des Grandes Rivières.xlsx,Monthly Update,4,71,empty_vs_na,,NA
60.1 - CSC des Grandes Rivières.xlsx,Monthly Update,4,72,empty_vs_na,,NA
60.1 - CSC des Grandes Rivières.xlsx,Monthly Update,4,73,empty_vs_na,,NA
60.1 - CSC des Grandes Rivières.xlsx,Monthly Update,7,60,empty_vs_na,,NA
61 - CSDC du Nouvel-Ontario.xlsx,Basic Project Info,7,3,empty_vs_na,,NA
61 - CSDC du Nouvel-Ontario.xlsx,Basic Project Info,7,11,empty_vs_na,,NA
61 - CSDC du Nouvel-Ontario.xlsx,Basic Project Info,7,12,empty_vs_na,,NA
61 - CSDC du Nouvel-Ontario.xlsx,Basic Project Info,8,3,empty_vs_na,,NA
61 - CSDC du Nouvel-Ontario.xlsx,Basic Project Info,8,11,empty_vs_na,,NA
61 - CSDC du Nouvel-Ontario.xlsx,Basic Project Info,8,12,empty_vs_na,,NA
61 - CSDC du Nouvel-Ontario.xlsx,Board Contacts,5,1,empty_vs_na,,NA
61 - CSDC du Nouvel-Ontario.xlsx,Board Contacts,5,2,empty_vs_na,,NA
61 - CSDC du Nouvel-Ontario.xlsx,Board Contacts,5,3,empty_vs_na,,NA
61 - CSDC du Nouvel-Ontario.xlsx,Board Contacts,5,4,empty_vs_na,,NA
61 - CSDC du Nouvel-Ontario.xlsx,Board Contacts,5,5,empty_vs_na,,NA
61 - CSDC du Nouvel-Ontario.xlsx,Monthly Update,4,50,empty_vs_na,,NA
61 - CSDC du Nouvel-Ontario.xlsx,Monthly Update,4,51,empty_vs_na,,NA
61 - CSDC du Nouvel-Ontario.xlsx,Monthly Update,4,52,empty_vs_na,,NA
61 - CSDC du Nouvel-Ontario.xlsx,Monthly Update,4,53,empty_vs_na,,NA
61 - CSDC du Nouvel-Ontario.xlsx,Monthly Update,4,54,empty_vs_na,,NA
61 - CSDC du Nouvel-Ontario.xlsx,Monthly Update,4,55,empty_vs_na,,NA
61 - CSDC du Nouvel-Ontario.xlsx,Monthly Update,4,56,empty_vs_na,,NA
61 - CSDC du Nouvel-Ontario.xlsx,Monthly Update,4,57,empty_vs_na,,NA
61 - CSDC du Nouvel-Ontario.xlsx,Monthly Update,4,58,empty_vs_na,,NA
61 - CSDC du Nouvel-Ontario.xlsx,Monthly Update,4,59,empty_vs_na,,NA
61 - CSDC du Nouvel-Ontario.xlsx,Monthly Update,4,60,empty_vs_na,,NA
61 - CSDC du Nouvel-Ontario.xlsx,Monthly Update,4,61,empty_vs_na,,NA
61 - CSDC du Nouvel-Ontario.xlsx,Monthly Update,4,62,empty_vs_na,,NA
61 - CSDC du Nouvel-Ontario.xlsx,Monthly Update,4,63,empty_vs_na,,NA
61 - CSDC du Nouvel-Ontario.xlsx,Monthly Update,4,64,empty_vs_na,,NA
61 - CSDC du Nouvel-Ontario.xlsx,Monthly Update,4,65,empty_vs_na,,NA
61 - CSDC du Nouvel-Ontario.xlsx,Monthly Update,4,66,empty_vs_na,,NA
61 - CSDC du Nouvel-Ontario.xlsx,Monthly Update,4,67,empty_vs_na,,NA
61 - CSDC du Nouvel-Ontario.xlsx,Monthly Update,4,68,empty_vs_na,,NA
61 - CSDC du Nouvel-Ontario.xlsx,Monthly Update,4,69,empty_vs_na,,NA
61 - CSDC du Nouvel-Ontario.xlsx,Monthly Update,4,70,empty_vs_na,,NA
61 - CSDC du Nouvel-Ontario.xlsx,Monthly Update,4,71,empty_vs_na,,NA
61 - CSDC du Nouvel-Ontario.xlsx,Monthly Update,4,72,empty_vs_na,,NA
61 - CSDC du Nouvel-Ontario.xlsx,Monthly Update,4,73,empty_vs_na,,NA
61 - CSDC du Nouvel-Ontario.xlsx,Monthly Update,7,56,empty_vs_na,,NA
61 - CSDC du Nouvel-Ontario.xlsx,Monthly Update,7,57,empty_vs_na,,NA
61 - CSDC du Nouvel-Ontario.xlsx,Monthly Update,7,58,empty_vs_na,,NA
61 - CSDC du Nouvel-Ontario.xlsx,Monthly Update,7,59,empty_vs_na,,NA
61 - CSDC du Nouvel-Ontario.xlsx,Monthly Update,7,60,empty_vs_na,,NA
61 - CSDC du Nouvel-Ontario.xlsx,Monthly Update,7,61,empty_vs_na,,NA
61 - CSDC du Nouvel-Ontario.xlsx,Monthly Update,7,62,empty_vs_na,,NA
61 - CSDC du Nouvel-Ontario.xlsx,Monthly Update,7,63,empty_vs_na,,NA
61 - CSDC du Nouvel-Ontario.xlsx,Monthly Update,7,64,empty_vs_na,,NA
61 - CSDC du Nouvel-Ontario.xlsx,Monthly Update,7,65,empty_vs_na,,NA
61 - CSDC du Nouvel-Ontario.xlsx,Monthly Update,7,66,empty_vs_na,,NA
61 - CSDC du Nouvel-Ontario.xlsx,Monthly Update,7,67,empty_vs_na,,NA
61 - CSDC du Nouvel-Ontario.xlsx,Monthly Update,7,68,empty_vs_na,,NA
61 - CSDC du Nouvel-Ontario.xlsx,Monthly Update,7,69,empty_vs_na,,NA
61 - CSDC du Nouvel-Ontario.xlsx,Monthly Update,7,70,empty_vs_na,,NA
63 - CSC Providence.xlsx,Basic Project Info,7,3,empty_vs_na,,NA
63 - CSC Providence.xlsx,Basic Project Info,7,11,empty_vs_na,,NA
63 - CSC Providence.xlsx,Basic Project Info,7,12,empty_vs_na,,NA
63 - CSC Providence.xlsx,Basic Project Info,8,3,empty_vs_na,,NA
63 - CSC Providence.xlsx,Basic Project Info,8,11,empty_vs_na,,NA
63 - CSC Providence.xlsx,Basic Project Info,8,12,empty_vs_na,,NA
63 - CSC Providence.xlsx,Basic Project Info,9,3,empty_vs_na,,NA
63 - CSC Providence.xlsx,Basic Project Info,9,11,empty_vs_na,,NA
63 - CSC Providence.xlsx,Basic Project Info,9,12,empty_vs_na,,NA
63 - CSC Providence.xlsx,Basic Project Info,10,3,empty_vs_na,,NA
63 - CSC Providence.xlsx,Basic Project Info,10,11,empty_vs_na,,NA
63 - CSC Providence.xlsx,Basic Project Info,10,12,empty_vs_na,,NA
63 - CSC Providence.xlsx,Basic Project Info,11,3,empty_vs_na,,NA
63 - CSC Providence.xlsx,Basic Project Info,11,8,empty_vs_na,,NA
63 - CSC Providence.xlsx,Basic Project Info,11,9,empty_vs_na,,NA
63 - CSC Providence.xlsx,Basic Project Info,11,10,empty_vs_na,,NA
63 - CSC Providence.xlsx,Basic Project Info,11,11,empty_vs_na,,NA
63 - CSC Providence.xlsx,Basic Project Info,11,12,empty_vs_na,,NA
63 - CSC Providence.xlsx,Basic Project Info,12,3,empty_vs_na,,NA
63 - CSC Providence.xlsx,Basic Project Info,12,11,empty_vs_na,,NA
63 - CSC Providence.xlsx,Basic Project Info,12,12,empty_vs_na,,NA
63 - CSC Providence.xlsx,Basic Project Info,13,3,empty_vs_na,,NA
63 - CSC Providence.xlsx,Basic Project Info,13,11,empty_vs_na,,NA
63 - CSC Providence.xlsx,Basic Project Info,13,12,empty_vs_na,,NA
63 - CSC Providence.xlsx,Basic Project Info,14,3,empty_vs_na,,NA
63 - CSC Providence.xlsx,Basic Project Info,14,11,empty_vs_na,,NA
63 - CSC Providence.xlsx,Basic Project Info,14,12,empty_vs_na,,NA
63 - CSC Providence.xlsx,Basic Project Info,15,3,empty_vs_na,,NA
63 - CSC Providence.xlsx,Basic Project Info,15,11,empty_vs_na,,NA
63 - CSC Providence.xlsx,Basic Project Info,15,12,empty_vs_na,,NA
63 - CSC Providence.xlsx,Basic Project Info,16,3,empty_vs_na,,NA
63 - CSC Providence.xlsx,Basic Project Info,16,11,empty_vs_na,,NA
63 - CSC Providence.xlsx,Basic Project Info,16,12,empty_vs_na,,NA
63 - CSC Providence.xlsx,Board Contacts,5,1,empty_vs_na,,NA
63 - CSC Providence.xlsx,Board Contacts,5,2,empty_vs_na,,NA
63 - CSC Providence.xlsx,Board Contacts,5,3,empty_vs_na,,NA
63 - CSC Providence.xlsx,Board Contacts,5,4,empty_vs_na,,NA
63 - CSC Providence.xlsx,Board Contacts,5,5,empty_vs_na,,NA
63 - CSC Providence.xlsx,Monthly Update,4,50,empty_vs_na,,NA
63 - CSC Providence.xlsx,Monthly Update,4,51,empty_vs_na,,NA
63 - CSC Providence.xlsx,Monthly Update,4,52,empty_vs_na,,NA
63 - CSC Providence.xlsx,Monthly Update,4,53,empty_vs_na,,NA
63 - CSC Providence.xlsx,Monthly Update,4,54,empty_vs_na,,NA
63 - CSC Providence.xlsx,Monthly Update,4,55,empty_vs_na,,NA
63 - CSC Providence.xlsx,Monthly Update,4,56,empty_vs_na,,NA
63 - CSC Providence.xlsx,Monthly Update,4,57,empty_vs_na,,NA
63 - CSC Providence.xlsx,Monthly Update,4,58,empty_vs_na,,NA
63 - CSC Providence.xlsx,Monthly Update,4,59,empty_vs_na,,NA
63 - CSC Providence.xlsx,Monthly Update,4,60,empty_vs_na,,NA
63 - CSC Providence.xlsx,Monthly Update,4,61,empty_vs_na,,NA
64 - CSC MonAvenir.xlsx,Monthly Update,11,21,real,1899-12-31,1899-12-30
64 - CSC MonAvenir.xlsx,Monthly Update,11,37,real,1899-12-31,1899-12-30
64 - CSC MonAvenir.xlsx,Basic Project Info,7,6,empty_vs_na,,NA
64 - CSC MonAvenir.xlsx,Basic Project Info,7,8,empty_vs_na,,NA
64 - CSC MonAvenir.xlsx,Basic Project Info,7,9,empty_vs_na,,NA
64 - CSC MonAvenir.xlsx,Basic Project Info,7,10,empty_vs_na,,NA
64 - CSC MonAvenir.xlsx,Basic Project Info,7,11,empty_vs_na,,NA
64 - CSC MonAvenir.xlsx,Basic Project Info,7,12,empty_vs_na,,NA
64 - CSC MonAvenir.xlsx,Basic Project Info,8,3,empty_vs_na,,NA
64 - CSC MonAvenir.xlsx,Basic Project Info,8,11,empty_vs_na,,NA
64 - CSC MonAvenir.xlsx,Basic Project Info,8,12,empty_vs_na,,NA
64 - CSC MonAvenir.xlsx,Basic Project Info,9,3,empty_vs_na,,NA
64 - CSC MonAvenir.xlsx,Basic Project Info,9,11,empty_vs_na,,NA
64 - CSC MonAvenir.xlsx,Basic Project Info,9,12,empty_vs_na,,NA
64 - CSC MonAvenir.xlsx,Basic Project Info,10,3,empty_vs_na,,NA
64 - CSC MonAvenir.xlsx,Basic Project Info,10,11,empty_vs_na,,NA
64 - CSC MonAvenir.xlsx,Basic Project Info,10,12,empty_vs_na,,NA
64 - CSC MonAvenir.xlsx,Basic Project Info,11,3,empty_vs_na,,NA
64 - CSC MonAvenir.xlsx,Basic Project Info,11,9,empty_vs_na,,NA
64 - CSC MonAvenir.xlsx,Basic Project Info,11,10,empty_vs_na,,NA
64 - CSC MonAvenir.xlsx,Basic Project Info,11,11,empty_vs_na,,NA
64 - CSC MonAvenir.xlsx,Basic Project Info,11,12,empty_vs_na,,NA
64 - CSC MonAvenir.xlsx,Basic Project Info,12,3,empty_vs_na,,NA
64 - CSC MonAvenir.xlsx,Basic Project Info,12,11,empty_vs_na,,NA
64 - CSC MonAvenir.xlsx,Basic Project Info,12,12,empty_vs_na,,NA
64 - CSC MonAvenir.xlsx,Basic Project Info,13,3,empty_vs_na,,NA
64 - CSC MonAvenir.xlsx,Basic Project Info,13,11,empty_vs_na,,NA
64 - CSC MonAvenir.xlsx,Basic Project Info,13,12,empty_vs_na,,NA
64 - CSC MonAvenir.xlsx,Basic Project Info,14,3,empty_vs_na,,NA
64 - CSC MonAvenir.xlsx,Basic Project Info,14,11,empty_vs_na,,NA
64 - CSC MonAvenir.xlsx,Basic Project Info,14,12,empty_vs_na,,NA
64 - CSC MonAvenir.xlsx,Basic Project Info,15,3,empty_vs_na,,NA
64 - CSC MonAvenir.xlsx,Basic Project Info,15,6,empty_vs_na,,NA
64 - CSC MonAvenir.xlsx,Basic Project Info,15,9,empty_vs_na,,NA
64 - CSC MonAvenir.xlsx,Basic Project Info,15,10,empty_vs_na,,NA
64 - CSC MonAvenir.xlsx,Basic Project Info,15,11,empty_vs_na,,NA
64 - CSC MonAvenir.xlsx,Basic Project Info,15,12,empty_vs_na,,NA
64 - CSC MonAvenir.xlsx,Basic Project Info,16,3,empty_vs_na,,NA
64 - CSC MonAvenir.xlsx,Basic Project Info,16,11,empty_vs_na,,NA
64 - CSC MonAvenir.xlsx,Basic Project Info,16,12,empty_vs_na,,NA
64 - CSC MonAvenir.xlsx,Basic Project Info,17,3,empty_vs_na,,NA
64 - CSC MonAvenir.xlsx,Basic Project Info,17,9,empty_vs_na,,NA
64 - CSC MonAvenir.xlsx,Basic Project Info,17,10,empty_vs_na,,NA
64 - CSC MonAvenir.xlsx,Basic Project Info,17,11,empty_vs_na,,NA
64 - CSC MonAvenir.xlsx,Basic Project Info,17,12,empty_vs_na,,NA
64 - CSC MonAvenir.xlsx,Basic Project Info,18,3,empty_vs_na,,NA
64 - CSC MonAvenir.xlsx,Basic Project Info,18,9,empty_vs_na,,NA
64 - CSC MonAvenir.xlsx,Basic Project Info,18,10,empty_vs_na,,NA
64 - CSC MonAvenir.xlsx,Basic Project Info,18,11,empty_vs_na,,NA
64 - CSC MonAvenir.xlsx,Basic Project Info,18,12,empty_vs_na,,NA
65 - CSDC de l'Est Ontarien.xlsx,Basic Project Info,7,9,empty_vs_na,,NA
65 - CSDC de l'Est Ontarien.xlsx,Basic Project Info,7,10,empty_vs_na,,NA
65 - CSDC de l'Est Ontarien.xlsx,Basic Project Info,7,11,empty_vs_na,,NA
65 - CSDC de l'Est Ontarien.xlsx,Basic Project Info,7,12,empty_vs_na,,NA
65 - CSDC de l'Est Ontarien.xlsx,Basic Project Info,8,6,empty_vs_na,,NA
65 - CSDC de l'Est Ontarien.xlsx,Basic Project Info,8,8,empty_vs_na,,NA
65 - CSDC de l'Est Ontarien.xlsx,Basic Project Info,8,11,empty_vs_na,,NA
65 - CSDC de l'Est Ontarien.xlsx,Basic Project Info,8,12,empty_vs_na,,NA
65 - CSDC de l'Est Ontarien.xlsx,Board Contacts,5,1,empty_vs_na,,NA
65 - CSDC de l'Est Ontarien.xlsx,Board Contacts,5,2,empty_vs_na,,NA
65 - CSDC de l'Est Ontarien.xlsx,Board Contacts,5,3,empty_vs_na,,NA
65 - CSDC de l'Est Ontarien.xlsx,Board Contacts,5,4,empty_vs_na,,NA
65 - CSDC de l'Est Ontarien.xlsx,Board Contacts,5,5,empty_vs_na,,NA
65 - CSDC de l'Est Ontarien.xlsx,Monthly Update,4,50,empty_vs_na,,NA
65 - CSDC de l'Est Ontarien.xlsx,Monthly Update,4,51,empty_vs_na,,NA
65 - CSDC de l'Est Ontarien.xlsx,Monthly Update,4,52,empty_vs_na,,NA
65 - CSDC de l'Est Ontarien.xlsx,Monthly Update,4,53,empty_vs_na,,NA
65 - CSDC de l'Est Ontarien.xlsx,Monthly Update,4,54,empty_vs_na,,NA
65 - CSDC de l'Est Ontarien.xlsx,Monthly Update,4,55,empty_vs_na,,NA
65 - CSDC de l'Est Ontarien.xlsx,Monthly Update,4,56,empty_vs_na,,NA
65 - CSDC de l'Est Ontarien.xlsx,Monthly Update,4,57,empty_vs_na,,NA
65 - CSDC de l'Est Ontarien.xlsx,Monthly Update,4,58,empty_vs_na,,NA
65 - CSDC de l'Est Ontarien.xlsx,Monthly Update,4,59,empty_vs_na,,NA
65 - CSDC de l'Est Ontarien.xlsx,Monthly Update,4,60,empty_vs_na,,NA
65 - CSDC de l'Est Ontarien.xlsx,Monthly Update,4,61,empty_vs_na,,NA
65 - CSDC de l'Est Ontarien.xlsx,Monthly Update,4,62,empty_vs_na,,NA
65 - CSDC de l'Est Ontarien.xlsx,Monthly Update,4,63,empty_vs_na,,NA
65 - CSDC de l'Est Ontarien.xlsx,Monthly Update,4,64,empty_vs_na,,NA
65 - CSDC de l'Est Ontarien.xlsx,Monthly Update,4,65,empty_vs_na,,NA
65 - CSDC de l'Est Ontarien.xlsx,Monthly Update,4,66,empty_vs_na,,NA
65 - CSDC de l'Est Ontarien.xlsx,Monthly Update,4,67,empty_vs_na,,NA
65 - CSDC de l'Est Ontarien.xlsx,Monthly Update,4,68,empty_vs_na,,NA
65 - CSDC de l'Est Ontarien.xlsx,Monthly Update,4,69,empty_vs_na,,NA
65 - CSDC de l'Est Ontarien.xlsx,Monthly Update,4,70,empty_vs_na,,NA
65 - CSDC de l'Est Ontarien.xlsx,Monthly Update,4,71,empty_vs_na,,NA
65 - CSDC de l'Est Ontarien.xlsx,Monthly Update,4,72,empty_vs_na,,NA
65 - CSDC de l'Est Ontarien.xlsx,Monthly Update,4,73,empty_vs_na,,NA
65 - CSDC de l'Est Ontarien.xlsx,Monthly Update,7,57,empty_vs_na,,NA
65 - CSDC de l'Est Ontarien.xlsx,Monthly Update,7,58,empty_vs_na,,NA
65 - CSDC de l'Est Ontarien.xlsx,Monthly Update,7,59,empty_vs_na,,NA
65 - CSDC de l'Est Ontarien.xlsx,Monthly Update,7,60,empty_vs_na,,NA
65 - CSDC de l'Est Ontarien.xlsx,Monthly Update,7,61,empty_vs_na,,NA
65 - CSDC de l'Est Ontarien.xlsx,Monthly Update,7,62,empty_vs_na,,NA
65 - CSDC de l'Est Ontarien.xlsx,Monthly Update,7,63,empty_vs_na,,NA
65 - CSDC de l'Est Ontarien.xlsx,Monthly Update,7,64,empty_vs_na,,NA
65 - CSDC de l'Est Ontarien.xlsx,Monthly Update,7,65,empty_vs_na,,NA
65 - CSDC de l'Est Ontarien.xlsx,Monthly Update,7,66,empty_vs_na,,NA
65 - CSDC de l'Est Ontarien.xlsx,Monthly Update,7,67,empty_vs_na,,NA
65 - CSDC de l'Est Ontarien.xlsx,Monthly Update,7,68,empty_vs_na,,NA
65 - CSDC de l'Est Ontarien.xlsx,Monthly Update,7,69,empty_vs_na,,NA
66 - CEC du Centre-Est.xlsx,Basic Project Info,7,3,empty_vs_na,,NA
66 - CEC du Centre-Est.xlsx,Basic Project Info,7,9,empty_vs_na,,NA
66 - CEC du Centre-Est.xlsx,Basic Project Info,7,10,empty_vs_na,,NA
66 - CEC du Centre-Est.xlsx,Basic Project Info,7,11,empty_vs_na,,NA
66 - CEC du Centre-Est.xlsx,Basic Project Info,7,12,empty_vs_na,,NA
66 - CEC du Centre-Est.xlsx,Basic Project Info,8,3,empty_vs_na,,NA
66 - CEC du Centre-Est.xlsx,Basic Project Info,8,8,empty_vs_na,,NA
66 - CEC du Centre-Est.xlsx,Basic Project Info,8,11,empty_vs_na,,NA
66 - CEC du Centre-Est.xlsx,Basic Project Info,8,12,empty_vs_na,,NA
66 - CEC du Centre-Est.xlsx,Basic Project Info,9,3,empty_vs_na,,NA
66 - CEC du Centre-Est.xlsx,Basic Project Info,9,11,empty_vs_na,,NA
66 - CEC du Centre-Est.xlsx,Basic Project Info,9,12,empty_vs_na,,NA
66 - CEC du Centre-Est.xlsx,Basic Project Info,10,11,empty_vs_na,,NA
66 - CEC du Centre-Est.xlsx,Basic Project Info,10,12,empty_vs_na,,NA
66 - CEC du Centre-Est.xlsx,Basic Project Info,11,3,empty_vs_na,,NA
66 - CEC du Centre-Est.xlsx,Basic Project Info,11,11,empty_vs_na,,NA
66 - CEC du Centre-Est.xlsx,Basic Project Info,11,12,empty_vs_na,,NA
66 - CEC du Centre-Est.xlsx,Basic Project Info,12,3,empty_vs_na,,NA
66 - CEC du Centre-Est.xlsx,Basic Project Info,12,11,empty_vs_na,,NA
66 - CEC du Centre-Est.xlsx,Basic Project Info,12,12,empty_vs_na,,NA
66 - CEC du Centre-Est.xlsx,Basic Project Info,13,3,empty_vs_na,,NA
66 - CEC du Centre-Est.xlsx,Basic Project Info,13,6,empty_vs_na,,NA
66 - CEC du Centre-Est.xlsx,Basic Project Info,13,9,empty_vs_na,,NA
66 - CEC du Centre-Est.xlsx,Basic Project Info,13,10,empty_vs_na,,NA
66 - CEC du Centre-Est.xlsx,Basic Project Info,13,11,empty_vs_na,,NA
66 - CEC du Centre-Est.xlsx,Basic Project Info,13,12,empty_vs_na,,NA
66 - CEC du Centre-Est.xlsx,Basic Project Info,14,3,empty_vs_na,,NA
66 - CEC du Centre-Est.xlsx,Basic Project Info,14,9,empty_vs_na,,NA
66 - CEC du Centre-Est.xlsx,Basic Project Info,14,10,empty_vs_na,,NA
66 - CEC du Centre-Est.xlsx,Basic Project Info,14,11,empty_vs_na,,NA
66 - CEC du Centre-Est.xlsx,Basic Project Info,14,12,empty_vs_na,,NA
66 - CEC du Centre-Est.xlsx,Basic Project Info,15,3,empty_vs_na,,NA
66 - CEC du Centre-Est.xlsx,Basic Project Info,15,9,empty_vs_na,,NA
66 - CEC du Centre-Est.xlsx,Basic Project Info,15,10,empty_vs_na,,NA
66 - CEC du Centre-Est.xlsx,Basic Project Info,15,11,empty_vs_na,,NA
66 - CEC du Centre-Est.xlsx,Basic Project Info,15,12,empty_vs_na,,NA
66 - CEC du Centre-Est.xlsx,Basic Project Info,16,3,empty_vs_na,,NA
66 - CEC du Centre-Est.xlsx,Basic Project Info,16,11,empty_vs_na,,NA
66 - CEC du Centre-Est.xlsx,Basic Project Info,16,12,empty_vs_na,,NA
66 - CEC du Centre-Est.xlsx,Basic Project Info,17,3,empty_vs_na,,NA
66 - CEC du Centre-Est.xlsx,Basic Project Info,17,11,empty_vs_na,,NA
66 - CEC du Centre-Est.xlsx,Basic Project Info,17,12,empty_vs_na,,NA
66 - CEC du Centre-Est.xlsx,Basic Project Info,18,3,empty_vs_na,,NA
66 - CEC du Centre-Est.xlsx,Basic Project Info,18,9,empty_vs_na,,NA
66 - CEC du Centre-Est.xlsx,Basic Project Info,18,10,empty_vs_na,,NA
66 - CEC du Centre-Est.xlsx,Basic Project Info,18,11,empty_vs_na,,NA
66 - CEC du Centre-Est.xlsx,Basic Project Info,18,12,empty_vs_na,,NA
66 - CEC du Centre-Est.xlsx,Basic Project Info,19,3,empty_vs_na,,NA
66 - CEC du Centre-Est.xlsx,Basic Project Info,19,6,empty_vs_na,,NA
66 - CEC du Centre-Est.xlsx,Basic Project Info,19,8,empty_vs_na,,NA
7 - Bluewater DSB.xlsx,Basic Project Info,7,3,empty_vs_na,,NA
7 - Bluewater DSB.xlsx,Basic Project Info,7,6,empty_vs_na,,NA
7 - Bluewater DSB.xlsx,Basic Project Info,7,8,empty_vs_na,,NA
7 - Bluewater DSB.xlsx,Basic Project Info,7,9,empty_vs_na,,NA
7 - Bluewater DSB.xlsx,Basic Project Info,7,10,empty_vs_na,,NA
7 - Bluewater DSB.xlsx,Basic Project Info,7,11,empty_vs_na,,NA
7 - Bluewater DSB.xlsx,Basic Project Info,7,12,empty_vs_na,,NA
7 - Bluewater DSB.xlsx,Basic Project Info,8,3,empty_vs_na,,NA
7 - Bluewater DSB.xlsx,Basic Project Info,8,6,empty_vs_na,,NA
7 - Bluewater DSB.xlsx,Basic Project Info,8,8,empty_vs_na,,NA
7 - Bluewater DSB.xlsx,Basic Project Info,8,9,empty_vs_na,,NA
7 - Bluewater DSB.xlsx,Basic Project Info,8,10,empty_vs_na,,NA
7 - Bluewater DSB.xlsx,Basic Project Info,8,11,empty_vs_na,,NA
7 - Bluewater DSB.xlsx,Basic Project Info,8,12,empty_vs_na,,NA
7 - Bluewater DSB.xlsx,Basic Project Info,9,3,empty_vs_na,,NA
7 - Bluewater DSB.xlsx,Basic Project Info,9,11,empty_vs_na,,NA
7 - Bluewater DSB.xlsx,Basic Project Info,9,12,empty_vs_na,,NA
7 - Bluewater DSB.xlsx,Basic Project Info,10,3,empty_vs_na,,NA
7 - Bluewater DSB.xlsx,Basic Project Info,10,9,empty_vs_na,,NA
7 - Bluewater DSB.xlsx,Basic Project Info,10,10,empty_vs_na,,NA
7 - Bluewater DSB.xlsx,Basic Project Info,10,11,empty_vs_na,,NA
7 - Bluewater DSB.xlsx,Basic Project Info,10,12,empty_vs_na,,NA
7 - Bluewater DSB.xlsx,Basic Project Info,11,3,empty_vs_na,,NA
7 - Bluewater DSB.xlsx,Basic Project Info,11,9,empty_vs_na,,NA
7 - Bluewater DSB.xlsx,Basic Project Info,11,10,empty_vs_na,,NA
7 - Bluewater DSB.xlsx,Basic Project Info,11,11,empty_vs_na,,NA
7 - Bluewater DSB.xlsx,Basic Project Info,11,12,empty_vs_na,,NA
7 - Bluewater DSB.xlsx,Basic Project Info,12,3,empty_vs_na,,NA
7 - Bluewater DSB.xlsx,Basic Project Info,12,11,empty_vs_na,,NA
7 - Bluewater DSB.xlsx,Basic Project Info,12,12,empty_vs_na,,NA
7 - Bluewater DSB.xlsx,Board Contacts,5,5,empty_vs_na,,NA
7 - Bluewater DSB.xlsx,Monthly Update,4,50,empty_vs_na,,NA
7 - Bluewater DSB.xlsx,Monthly Update,4,51,empty_vs_na,,NA
7 - Bluewater DSB.xlsx,Monthly Update,4,52,empty_vs_na,,NA
7 - Bluewater DSB.xlsx,Monthly Update,4,53,empty_vs_na,,NA
7 - Bluewater DSB.xlsx,Monthly Update,4,55,empty_vs_na,,NA
7 - Bluewater DSB.xlsx,Monthly Update,4,58,empty_vs_na,,NA
7 - Bluewater DSB.xlsx,Monthly Update,4,59,empty_vs_na,,NA
7 - Bluewater DSB.xlsx,Monthly Update,4,60,empty_vs_na,,NA
7 - Bluewater DSB.xlsx,Monthly Update,4,61,empty_vs_na,,NA
7 - Bluewater DSB.xlsx,Monthly Update,4,62,empty_vs_na,,NA
7 - Bluewater DSB.xlsx,Monthly Update,4,63,empty_vs_na,,NA
7 - Bluewater DSB.xlsx,Monthly Update,4,64,empty_vs_na,,NA
7 - Bluewater DSB.xlsx,Monthly Update,4,65,empty_vs_na,,NA
7 - Bluewater DSB.xlsx,Monthly Update,4,66,empty_vs_na,,NA
7 - Bluewater DSB.xlsx,Monthly Update,4,67,empty_vs_na,,NA
7 - Bluewater DSB.xlsx,Monthly Update,4,68,empty_vs_na,,NA
7 - Bluewater DSB.xlsx,Monthly Update,4,69,empty_vs_na,,NA
7 - Bluewater DSB.xlsx,Monthly Update,4,70,empty_vs_na,,NA
7 - Bluewater DSB.xlsx,Monthly Update,4,71,empty_vs_na,,NA
8 - Avon Maitland DSB.xlsx,Basic Project Info,7,3,empty_vs_na,,NA
8 - Avon Maitland DSB.xlsx,Basic Project Info,7,11,empty_vs_na,,NA
8 - Avon Maitland DSB.xlsx,Basic Project Info,8,3,empty_vs_na,,NA
8 - Avon Maitland DSB.xlsx,Basic Project Info,8,11,empty_vs_na,,NA
8 - Avon Maitland DSB.xlsx,Board Contacts,6,2,empty_vs_na,,NA
8 - Avon Maitland DSB.xlsx,Board Contacts,6,3,empty_vs_na,,NA
8 - Avon Maitland DSB.xlsx,Board Contacts,6,5,empty_vs_na,,NA
8 - Avon Maitland DSB.xlsx,Monthly Update,4,53,empty_vs_na,,NA
8 - Avon Maitland DSB.xlsx,Monthly Update,4,54,empty_vs_na,,NA
8 - Avon Maitland DSB.xlsx,Monthly Update,4,55,empty_vs_na,,NA
8 - Avon Maitland DSB.xlsx,Monthly Update,4,56,empty_vs_na,,NA
8 - Avon Maitland DSB.xlsx,Monthly Update,4,57,empty_vs_na,,NA
8 - Avon Maitland DSB.xlsx,Monthly Update,4,59,empty_vs_na,,NA
8 - Avon Maitland DSB.xlsx,Monthly Update,4,60,empty_vs_na,,NA
8 - Avon Maitland DSB.xlsx,Monthly Update,4,61,empty_vs_na,,NA
8 - Avon Maitland DSB.xlsx,Monthly Update,4,62,empty_vs_na,,NA
8 - Avon Maitland DSB.xlsx,Monthly Update,4,63,empty_vs_na,,NA
8 - Avon Maitland DSB.xlsx,Monthly Update,4,64,empty_vs_na,,NA
8 - Avon Maitland DSB.xlsx,Monthly Update,4,65,empty_vs_na,,NA
8 - Avon Maitland DSB.xlsx,Monthly Update,4,66,empty_vs_na,,NA
8 - Avon Maitland DSB.xlsx,Monthly Update,4,67,empty_vs_na,,NA
8 - Avon Maitland DSB.xlsx,Monthly Update,4,68,empty_vs_na,,NA
8 - Avon Maitland DSB.xlsx,Monthly Update,4,69,empty_vs_na,,NA
8 - Avon Maitland DSB.xlsx,Monthly Update,4,70,empty_vs_na,,NA
8 - Avon Maitland DSB.xlsx,Monthly Update,4,71,empty_vs_na,,NA
8 - Avon Maitland DSB.xlsx,Monthly Update,4,72,empty_vs_na,,NA
8 - Avon Maitland DSB.xlsx,Monthly Update,4,73,empty_vs_na,,NA
8 - Avon Maitland DSB.xlsx,Monthly Update,7,65,empty_vs_na,,NA
8 - Avon Maitland DSB.xlsx,Monthly Update,7,66,empty_vs_na,,NA
8 - Avon Maitland DSB.xlsx,Monthly Update,7,67,empty_vs_na,,NA
8 - Avon Maitland DSB.xlsx,Monthly Update,7,68,empty_vs_na,,NA
8 - Avon Maitland DSB.xlsx,Monthly Update,7,69,empty_vs_na,,NA
8 - Avon Maitland DSB.xlsx,Monthly Update,7,70,empty_vs_na,,NA
8 - Avon Maitland DSB.xlsx,Monthly Update,7,71,empty_vs_na,,NA
8 - Avon Maitland DSB.xlsx,Monthly Update,7,72,empty_vs_na,,NA
8 - Avon Maitland DSB.xlsx,Monthly Update,7,73,empty_vs_na,,NA
8 - Avon Maitland DSB.xlsx,Monthly Update,10,8,empty_vs_na,,NA
8 - Avon Maitland DSB.xlsx,Monthly Update,10,12,empty_vs_na,,NA
8 - Avon Maitland DSB.xlsx,Monthly Update,10,17,empty_vs_na,,NA
8 - Avon Maitland DSB.xlsx,Monthly Update,10,18,empty_vs_na,,NA
8 - Avon Maitland DSB.xlsx,Monthly Update,10,22,empty_vs_na,,NA
8 - Avon Maitland DSB.xlsx,Monthly Update,10,25,empty_vs_na,,NA
8 - Avon Maitland DSB.xlsx,Monthly Update,10,27,empty_vs_na,,NA
8 - Avon Maitland DSB.xlsx,Monthly Update,10,32,empty_vs_na,,NA
8 - Avon Maitland DSB.xlsx,Monthly Update,10,34,empty_vs_na,,NA
8 - Avon Maitland DSB.xlsx,Monthly Update,10,36,empty_vs_na,,NA
8 - Avon Maitland DSB.xlsx,Monthly Update,10,38,empty_vs_na,,NA
8 - Avon Maitland DSB.xlsx,Monthly Update,10,42,empty_vs_na,,NA
8 - Avon Maitland DSB.xlsx,Monthly Update,10,43,empty_vs_na,,NA
8 - Avon Maitland DSB.xlsx,Monthly Update,10,44,empty_vs_na,,NA
9 - Greater Essex County DSB.xlsx,Basic Project Info,7,3,empty_vs_na,,NA
9 - Greater Essex County DSB.xlsx,Basic Project Info,7,11,empty_vs_na,,NA
9 - Greater Essex County DSB.xlsx,Basic Project Info,7,12,empty_vs_na,,NA
9 - Greater Essex County DSB.xlsx,Basic Project Info,8,3,empty_vs_na,,NA
9 - Greater Essex County DSB.xlsx,Basic Project Info,8,11,empty_vs_na,,NA
9 - Greater Essex County DSB.xlsx,Basic Project Info,8,12,empty_vs_na,,NA
9 - Greater Essex County DSB.xlsx,Basic Project Info,9,3,empty_vs_na,,NA
9 - Greater Essex County DSB.xlsx,Basic Project Info,9,11,empty_vs_na,,NA
9 - Greater Essex County DSB.xlsx,Basic Project Info,9,12,empty_vs_na,,NA
9 - Greater Essex County DSB.xlsx,Basic Project Info,10,3,empty_vs_na,,NA
9 - Greater Essex County DSB.xlsx,Basic Project Info,10,6,empty_vs_na,,NA
9 - Greater Essex County DSB.xlsx,Basic Project Info,10,8,empty_vs_na,,NA
9 - Greater Essex County DSB.xlsx,Basic Project Info,10,9,empty_vs_na,,NA
9 - Greater Essex County DSB.xlsx,Basic Project Info,10,10,empty_vs_na,,NA
9 - Greater Essex County DSB.xlsx,Basic Project Info,10,11,empty_vs_na,,NA
9 - Greater Essex County DSB.xlsx,Basic Project Info,10,12,empty_vs_na,,NA
9 - Greater Essex County DSB.xlsx,Basic Project Info,11,3,empty_vs_na,,NA
9 - Greater Essex County DSB.xlsx,Basic Project Info,11,11,empty_vs_na,,NA
9 - Greater Essex County DSB.xlsx,Basic Project Info,11,12,empty_vs_na,,NA
9 - Greater Essex County DSB.xlsx,Basic Project Info,12,3,empty_vs_na,,NA
9 - Greater Essex County DSB.xlsx,Basic Project Info,12,11,empty_vs_na,,NA
9 - Greater Essex County DSB.xlsx,Basic Project Info,12,12,empty_vs_na,,NA
9 - Greater Essex County DSB.xlsx,Basic Project Info,13,3,empty_vs_na,,NA
9 - Greater Essex County DSB.xlsx,Basic Project Info,13,11,empty_vs_na,,NA
9 - Greater Essex County DSB.xlsx,Basic Project Info,13,12,empty_vs_na,,NA
9 - Greater Essex County DSB.xlsx,Basic Project Info,14,3,empty_vs_na,,NA
9 - Greater Essex County DSB.xlsx,Basic Project Info,14,11,empty_vs_na,,NA
9 - Greater Essex County DSB.xlsx,Basic Project Info,14,12,empty_vs_na,,NA
9 - Greater Essex County DSB.xlsx,Board Contacts,5,1,empty_vs_na,,NA
9 - Greater Essex County DSB.xlsx,Board Contacts,5,2,empty_vs_na,,NA
9 - Greater Essex County DSB.xlsx,Board Contacts,5,3,empty_vs_na,,NA
9 - Greater Essex County DSB.xlsx,Board Contacts,5,4,empty_vs_na,,NA
9 - Greater Essex County DSB.xlsx,Board Contacts,5,5,empty_vs_na,,NA
9 - Greater Essex County DSB.xlsx,Monthly Update,4,50,empty_vs_na,,NA
9 - Greater Essex County DSB.xlsx,Monthly Update,4,51,empty_vs_na,,NA
9 - Greater Essex County DSB.xlsx,Monthly Update,4,52,empty_vs_na,,NA
9 - Greater Essex County DSB.xlsx,Monthly Update,4,53,empty_vs_na,,NA
9 - Greater Essex County DSB.xlsx,Monthly Update,4,54,empty_vs_na,,NA
9 - Greater Essex County DSB.xlsx,Monthly Update,4,55,empty_vs_na,,NA
9 - Greater Essex County DSB.xlsx,Monthly Update,4,56,empty_vs_na,,NA
9 - Greater Essex County DSB.xlsx,Monthly Update,4,57,empty_vs_na,,NA
9 - Greater Essex County DSB.xlsx,Monthly Update,4,58,empty_vs_na,,NA
9 - Greater Essex County DSB.xlsx,Monthly Update,4,59,empty_vs_na,,NA
9 - Greater Essex County DSB.xlsx,Monthly Update,4,60,empty_vs_na,,NA
9 - Greater Essex County DSB.xlsx,Monthly Update,4,61,empty_vs_na,,NA
9 - Greater Essex County DSB.xlsx,Monthly Update,4,62,empty_vs_na,,NA
9 - Greater Essex County DSB.xlsx,Monthly Update,4,63,empty_vs_na,,NA
9 - Greater Essex County DSB.xlsx,Monthly Update,4,64,empty_vs_na,,NA
9 - Greater Essex County DSB.xlsx,Monthly Update,4,65,empty_vs_na,,NA
9 - Greater Essex County DSB.xlsx,Monthly Update,4,66,empty_vs_na,,NA
